{
    "VERMONT": [
        {
            "plant_no": "40",
            "name": "AGRI-MARK INC.",
            "city": "MIDDLEBURY",
            "codes": ["C3", "M1", "M3", "W1", "W16", "W17", "W20", "W21", "W24"]
        },
        {
            "plant_no": "19",
            "name": "CABOT CREAMERY",
            "city": "CABOT",
            "codes": ["C3", "C7", "C12", "C60", "M1", "M2", "M3", "M7", "S9", "S16", "W1", "W18"]
        },
        {
            "plant_no": "60",
            "name": "ST. ALBANS CREAMERY, LLC",
            "city": "ST. ALBANS",
            "codes": ["D1", "M1", "M2", "M7", "M8"]
        }
    ]
}
