state,livestock,subtype,status,converged,iterations
53,sheep,all,ipf,1,46
40,sheep,all,ipf,1,37
23,sheep,all,missing_state_counts,False,0
27,sheep,all,ipf,1,34
5,sheep,all,ipf,1,23
56,sheep,all,ipf,1,12
9,sheep,all,ipf,1,9
2,sheep,all,missing_state_counts,False,0
25,sheep,all,ipf,1,12
45,sheep,all,missing_state_counts,False,0
32,sheep,all,ipf,1,22
4,sheep,all,missing_state_counts,False,0
19,sheep,all,ipf,1,23
55,sheep,all,ipf,1,16
41,sheep,all,ipf,1,22
13,sheep,all,missing_state_counts,False,0
12,sheep,all,missing_state_counts,False,0
39,sheep,all,ipf,1,13
36,sheep,all,ipf,1,43
26,sheep,all,ipf,1,32
1,sheep,all,ipf,1,92
51,sheep,all,ipf,1,17
48,sheep,all,ipf,1,18
50,sheep,all,missing_state_counts,False,0
17,sheep,all,ipf,1,24
10,sheep,all,missing_state_counts,False,0
15,sheep,all,missing_state_counts,False,0
29,sheep,all,ipf,1,21
16,sheep,all,ipf,1,39
22,sheep,all,missing_state_counts,False,0
8,sheep,all,ipf,1,23
28,sheep,all,ipf,1,50
34,sheep,all,ipf,1,16
33,sheep,all,missing_state_counts,False,0
42,sheep,all,ipf,1,14
31,sheep,all,ipf,1,65
46,sheep,all,ipf,1,33
24,sheep,all,ipf,1,14
20,sheep,all,ipf,1,24
54,sheep,all,missing_state_counts,False,0
30,sheep,all,ipf,1,31
38,sheep,all,ipf,1,329
21,sheep,all,missing_state_counts,False,0
44,sheep,all,missing_state_counts,False,0
35,sheep,all,ipf,1,51
49,sheep,all,ipf,1,22
6,sheep,all,ipf,1,32
37,sheep,all,missing_state_counts,False,0
18,sheep,all,missing_state_counts,False,0
47,sheep,all,ipf,1,15
51,hogs,all,missing_state_counts,False,0
15,hogs,all,ipf,1,24
49,hogs,all,ipf,1,101
8,hogs,all,ipf,1,5
5,hogs,all,ipf,1,470
54,hogs,all,missing_state_counts,False,0
10,hogs,all,missing_state_counts,False,0
24,hogs,all,missing_state_counts,False,0
17,hogs,all,ipf,1,11
29,hogs,all,ipf,1,21
4,hogs,all,missing_state_counts,False,0
28,hogs,all,missing_state_counts,False,0
41,hogs,all,missing_state_counts,False,0
16,hogs,all,missing_state_counts,False,0
6,hogs,all,ipf,1,23
21,hogs,all,ipf,1,68
44,hogs,all,missing_state_counts,False,0
2,hogs,all,missing_state_counts,False,0
30,hogs,all,ipf,1,199
25,hogs,all,missing_state_counts,False,0
53,hogs,all,missing_state_counts,False,0
42,hogs,all,ipf,1,17
19,hogs,all,ipf,1,6
27,hogs,all,ipf,1,10
20,hogs,all,ipf,1,50
50,hogs,all,missing_state_counts,False,0
46,hogs,all,missing_state_counts,False,0
12,hogs,all,ipf,1,25
32,hogs,all,missing_state_counts,False,0
56,hogs,all,missing_state_counts,False,0
34,hogs,all,ipf,1,64
47,hogs,all,ipf,1,196
48,hogs,all,ipf,1,10
26,hogs,all,missing_state_counts,False,0
36,hogs,all,ipf,1,74
31,hogs,all,missing_state_counts,False,0
38,hogs,all,missing_state_counts,False,0
40,hogs,all,ipf,1,18
22,hogs,all,missing_state_counts,False,0
37,hogs,all,ipf,1,21
33,hogs,all,missing_state_counts,False,0
13,hogs,all,missing_state_counts,False,0
9,hogs,all,missing_state_counts,False,0
39,hogs,all,ipf,1,14
35,hogs,all,ipf,1,40
23,hogs,all,ipf,1,31
1,hogs,all,missing_state_counts,False,0
55,hogs,all,ipf,1,37
45,hogs,all,ipf,1,23
18,hogs,all,ipf,1,10
4,poultry,geese,insufficient_data,False,0
31,poultry,emus,insufficient_data,False,0
39,poultry,rheas,insufficient_data,False,0
23,poultry,guineas,insufficient_data,False,0
27,poultry,turkeys,insufficient_data,False,0
12,poultry,ducks,insufficient_data,False,0
39,poultry,quail,insufficient_data,False,0
41,poultry,peafowl,insufficient_data,False,0
37,poultry,ducks,insufficient_data,False,0
32,poultry,turkeys,insufficient_data,False,0
15,poultry,turkeys,insufficient_data,False,0
37,poultry,rheas,insufficient_data,False,0
6,poultry,pigeons and squab,insufficient_data,False,0
15,poultry,ducks,insufficient_data,False,0
40,poultry,peafowl,insufficient_data,False,0
4,poultry,peafowl,insufficient_data,False,0
53,poultry,pheasants,insufficient_data,False,0
42,poultry,quail,insufficient_data,False,0
35,poultry,other,insufficient_data,False,0
22,poultry,pheasants,insufficient_data,False,0
1,poultry,guineas,insufficient_data,False,0
54,poultry,pheasants,insufficient_data,False,0
4,poultry,chukars,insufficient_data,False,0
21,poultry,emus,insufficient_data,False,0
22,poultry,chukars,insufficient_data,False,0
12,poultry,rheas,insufficient_data,False,0
47,poultry,other,insufficient_data,False,0
13,poultry,ostriches,insufficient_data,False,0
48,poultry,partridges,insufficient_data,False,0
19,poultry,peafowl,insufficient_data,False,0
48,poultry,turkeys,insufficient_data,False,0
42,poultry,ducks,insufficient_data,False,0
21,poultry,ducks,insufficient_data,False,0
50,poultry,turkeys,insufficient_data,False,0
28,poultry,pigeons and squab,insufficient_data,False,0
2,poultry,peafowl,insufficient_data,False,0
5,poultry,emus,insufficient_data,False,0
23,poultry,ducks,insufficient_data,False,0
26,poultry,pheasants,insufficient_data,False,0
18,poultry,pheasants,insufficient_data,False,0
28,poultry,chukars,insufficient_data,False,0
5,poultry,other,insufficient_data,False,0
39,poultry,other,insufficient_data,False,0
53,poultry,pigeons and squab,insufficient_data,False,0
56,poultry,other,insufficient_data,False,0
20,poultry,peafowl,insufficient_data,False,0
32,poultry,quail,insufficient_data,False,0
8,poultry,pheasants,insufficient_data,False,0
55,poultry,pheasants,insufficient_data,False,0
34,poultry,turkeys,insufficient_data,False,0
41,poultry,geese,insufficient_data,False,0
48,poultry,ducks,insufficient_data,False,0
24,poultry,emus,insufficient_data,False,0
27,poultry,quail,insufficient_data,False,0
12,poultry,ostriches,insufficient_data,False,0
10,poultry,pheasants,insufficient_data,False,0
9,poultry,other,insufficient_data,False,0
19,poultry,chukars,insufficient_data,False,0
49,poultry,pigeons and squab,insufficient_data,False,0
22,poultry,ostriches,insufficient_data,False,0
25,poultry,geese,insufficient_data,False,0
21,poultry,turkeys,insufficient_data,False,0
36,poultry,pigeons and squab,insufficient_data,False,0
42,poultry,pigeons and squab,insufficient_data,False,0
47,poultry,rheas,insufficient_data,False,0
32,poultry,pheasants,insufficient_data,False,0
55,poultry,ostriches,insufficient_data,False,0
54,poultry,peafowl,insufficient_data,False,0
10,poultry,emus,insufficient_data,False,0
49,poultry,chukars,insufficient_data,False,0
45,poultry,guineas,insufficient_data,False,0
51,poultry,peafowl,insufficient_data,False,0
30,poultry,quail,insufficient_data,False,0
34,poultry,rheas,insufficient_data,False,0
35,poultry,turkeys,insufficient_data,False,0
35,poultry,emus,insufficient_data,False,0
8,poultry,rheas,insufficient_data,False,0
51,poultry,chukars,insufficient_data,False,0
16,poultry,pigeons and squab,insufficient_data,False,0
16,poultry,quail,insufficient_data,False,0
27,poultry,pheasants,insufficient_data,False,0
36,poultry,peafowl,insufficient_data,False,0
39,poultry,emus,insufficient_data,False,0
12,poultry,emus,insufficient_data,False,0
47,poultry,turkeys,insufficient_data,False,0
1,poultry,turkeys,insufficient_data,False,0
46,poultry,other,insufficient_data,False,0
38,poultry,peafowl,insufficient_data,False,0
20,poultry,guineas,insufficient_data,False,0
23,poultry,pigeons and squab,insufficient_data,False,0
46,poultry,pheasants,insufficient_data,False,0
56,poultry,partridges,insufficient_data,False,0
49,poultry,other,insufficient_data,False,0
1,poultry,emus,insufficient_data,False,0
38,poultry,pheasants,insufficient_data,False,0
35,poultry,geese,insufficient_data,False,0
12,poultry,chukars,insufficient_data,False,0
27,poultry,ducks,insufficient_data,False,0
2,poultry,ducks,insufficient_data,False,0
4,poultry,pheasants,insufficient_data,False,0
39,poultry,pheasants,insufficient_data,False,0
26,poultry,geese,insufficient_data,False,0
30,poultry,chukars,insufficient_data,False,0
6,poultry,quail,insufficient_data,False,0
15,poultry,pigeons and squab,insufficient_data,False,0
37,poultry,pigeons and squab,insufficient_data,False,0
50,poultry,pigeons and squab,insufficient_data,False,0
13,poultry,pigeons and squab,insufficient_data,False,0
29,poultry,partridges,insufficient_data,False,0
25,poultry,pigeons and squab,insufficient_data,False,0
22,poultry,ducks,insufficient_data,False,0
18,poultry,pigeons and squab,insufficient_data,False,0
26,poultry,ducks,insufficient_data,False,0
1,poultry,other,insufficient_data,False,0
36,poultry,geese,insufficient_data,False,0
37,poultry,other,insufficient_data,False,0
8,poultry,turkeys,insufficient_data,False,0
8,poultry,partridges,insufficient_data,False,0
17,poultry,rheas,insufficient_data,False,0
37,poultry,geese,insufficient_data,False,0
2,poultry,pigeons and squab,insufficient_data,False,0
50,poultry,geese,insufficient_data,False,0
49,poultry,emus,insufficient_data,False,0
20,poultry,quail,insufficient_data,False,0
19,poultry,geese,insufficient_data,False,0
45,poultry,quail,insufficient_data,False,0
31,poultry,turkeys,insufficient_data,False,0
25,poultry,emus,insufficient_data,False,0
16,poultry,other,insufficient_data,False,0
31,poultry,geese,insufficient_data,False,0
46,poultry,quail,insufficient_data,False,0
34,poultry,quail,insufficient_data,False,0
20,poultry,ducks,insufficient_data,False,0
50,poultry,guineas,insufficient_data,False,0
42,poultry,pheasants,insufficient_data,False,0
1,poultry,ostriches,insufficient_data,False,0
10,poultry,peafowl,insufficient_data,False,0
5,poultry,rheas,insufficient_data,False,0
49,poultry,pheasants,insufficient_data,False,0
23,poultry,pheasants,insufficient_data,False,0
44,poultry,guineas,insufficient_data,False,0
17,poultry,turkeys,insufficient_data,False,0
47,poultry,guineas,insufficient_data,False,0
1,poultry,ducks,insufficient_data,False,0
54,poultry,other,insufficient_data,False,0
44,poultry,peafowl,insufficient_data,False,0
19,poultry,ostriches,insufficient_data,False,0
19,poultry,pigeons and squab,insufficient_data,False,0
17,poultry,guineas,insufficient_data,False,0
19,poultry,pheasants,insufficient_data,False,0
4,poultry,guineas,insufficient_data,False,0
39,poultry,turkeys,insufficient_data,False,0
5,poultry,guineas,insufficient_data,False,0
27,poultry,emus,insufficient_data,False,0
48,poultry,ostriches,insufficient_data,False,0
28,poultry,rheas,insufficient_data,False,0
29,poultry,chukars,insufficient_data,False,0
24,poultry,ostriches,insufficient_data,False,0
10,poultry,guineas,insufficient_data,False,0
45,poultry,pigeons and squab,insufficient_data,False,0
40,poultry,chukars,insufficient_data,False,0
32,poultry,chukars,insufficient_data,False,0
32,poultry,emus,insufficient_data,False,0
5,poultry,ducks,insufficient_data,False,0
37,poultry,chukars,insufficient_data,False,0
41,poultry,rheas,insufficient_data,False,0
10,poultry,pigeons and squab,insufficient_data,False,0
54,poultry,turkeys,insufficient_data,False,0
53,poultry,other,insufficient_data,False,0
41,poultry,turkeys,insufficient_data,False,0
35,poultry,chukars,insufficient_data,False,0
42,poultry,geese,insufficient_data,False,0
56,poultry,quail,insufficient_data,False,0
53,poultry,chukars,insufficient_data,False,0
21,poultry,ostriches,insufficient_data,False,0
55,poultry,peafowl,insufficient_data,False,0
45,poultry,chukars,insufficient_data,False,0
29,poultry,ostriches,insufficient_data,False,0
38,poultry,guineas,insufficient_data,False,0
47,poultry,geese,insufficient_data,False,0
8,poultry,ostriches,insufficient_data,False,0
44,poultry,geese,insufficient_data,False,0
5,poultry,peafowl,insufficient_data,False,0
6,poultry,geese,insufficient_data,False,0
25,poultry,other,insufficient_data,False,0
42,poultry,ostriches,insufficient_data,False,0
12,poultry,quail,insufficient_data,False,0
33,poultry,chukars,insufficient_data,False,0
56,poultry,pheasants,insufficient_data,False,0
6,poultry,peafowl,insufficient_data,False,0
24,poultry,rheas,insufficient_data,False,0
34,poultry,geese,insufficient_data,False,0
54,poultry,pigeons and squab,insufficient_data,False,0
29,poultry,pigeons and squab,insufficient_data,False,0
45,poultry,turkeys,insufficient_data,False,0
55,poultry,other,insufficient_data,False,0
25,poultry,partridges,insufficient_data,False,0
4,poultry,emus,insufficient_data,False,0
13,poultry,quail,insufficient_data,False,0
21,poultry,guineas,insufficient_data,False,0
1,poultry,pheasants,insufficient_data,False,0
9,poultry,turkeys,insufficient_data,False,0
40,poultry,turkeys,insufficient_data,False,0
18,poultry,emus,insufficient_data,False,0
42,poultry,peafowl,insufficient_data,False,0
18,poultry,ostriches,insufficient_data,False,0
36,poultry,emus,insufficient_data,False,0
8,poultry,quail,insufficient_data,False,0
32,poultry,peafowl,insufficient_data,False,0
4,poultry,ducks,insufficient_data,False,0
27,poultry,geese,insufficient_data,False,0
21,poultry,quail,insufficient_data,False,0
44,poultry,quail,insufficient_data,False,0
25,poultry,chukars,insufficient_data,False,0
35,poultry,pheasants,insufficient_data,False,0
22,poultry,rheas,insufficient_data,False,0
25,poultry,turkeys,insufficient_data,False,0
56,poultry,chukars,insufficient_data,False,0
35,poultry,pigeons and squab,insufficient_data,False,0
16,poultry,chukars,insufficient_data,False,0
56,poultry,emus,insufficient_data,False,0
36,poultry,guineas,insufficient_data,False,0
18,poultry,chukars,insufficient_data,False,0
32,poultry,geese,insufficient_data,False,0
28,poultry,quail,insufficient_data,False,0
53,poultry,turkeys,insufficient_data,False,0
29,poultry,geese,insufficient_data,False,0
9,poultry,pigeons and squab,insufficient_data,False,0
39,poultry,ducks,insufficient_data,False,0
12,poultry,guineas,insufficient_data,False,0
27,poultry,guineas,insufficient_data,False,0
42,poultry,turkeys,insufficient_data,False,0
30,poultry,guineas,insufficient_data,False,0
2,poultry,chukars,insufficient_data,False,0
21,poultry,peafowl,insufficient_data,False,0
35,poultry,guineas,insufficient_data,False,0
17,poultry,emus,insufficient_data,False,0
15,poultry,geese,insufficient_data,False,0
56,poultry,peafowl,insufficient_data,False,0
17,poultry,ostriches,insufficient_data,False,0
23,poultry,geese,insufficient_data,False,0
29,poultry,pheasants,insufficient_data,False,0
31,poultry,ducks,insufficient_data,False,0
38,poultry,chukars,insufficient_data,False,0
1,poultry,peafowl,insufficient_data,False,0
53,poultry,emus,insufficient_data,False,0
54,poultry,chukars,insufficient_data,False,0
50,poultry,peafowl,insufficient_data,False,0
26,poultry,chukars,insufficient_data,False,0
37,poultry,guineas,insufficient_data,False,0
22,poultry,peafowl,insufficient_data,False,0
49,poultry,quail,insufficient_data,False,0
27,poultry,pigeons and squab,insufficient_data,False,0
20,poultry,geese,insufficient_data,False,0
48,poultry,geese,insufficient_data,False,0
39,poultry,peafowl,insufficient_data,False,0
51,poultry,ducks,insufficient_data,False,0
44,poultry,ducks,insufficient_data,False,0
24,poultry,chukars,insufficient_data,False,0
37,poultry,ostriches,insufficient_data,False,0
48,poultry,emus,insufficient_data,False,0
29,poultry,ducks,insufficient_data,False,0
46,poultry,geese,insufficient_data,False,0
49,poultry,peafowl,insufficient_data,False,0
51,poultry,partridges,insufficient_data,False,0
40,poultry,guineas,insufficient_data,False,0
51,poultry,turkeys,insufficient_data,False,0
29,poultry,emus,insufficient_data,False,0
56,poultry,ducks,insufficient_data,False,0
35,poultry,ducks,insufficient_data,False,0
40,poultry,ostriches,insufficient_data,False,0
56,poultry,guineas,insufficient_data,False,0
42,poultry,rheas,insufficient_data,False,0
4,poultry,partridges,insufficient_data,False,0
13,poultry,rheas,insufficient_data,False,0
49,poultry,guineas,insufficient_data,False,0
24,poultry,guineas,insufficient_data,False,0
25,poultry,guineas,insufficient_data,False,0
26,poultry,other,insufficient_data,False,0
16,poultry,partridges,insufficient_data,False,0
13,poultry,other,insufficient_data,False,0
36,poultry,ducks,insufficient_data,False,0
6,poultry,ducks,insufficient_data,False,0
19,poultry,other,insufficient_data,False,0
5,poultry,geese,insufficient_data,False,0
39,poultry,geese,insufficient_data,False,0
26,poultry,ostriches,insufficient_data,False,0
55,poultry,quail,insufficient_data,False,0
17,poultry,other,insufficient_data,False,0
24,poultry,ducks,insufficient_data,False,0
54,poultry,quail,insufficient_data,False,0
13,poultry,ducks,insufficient_data,False,0
55,poultry,ducks,insufficient_data,False,0
34,poultry,chukars,insufficient_data,False,0
45,poultry,other,insufficient_data,False,0
24,poultry,pheasants,insufficient_data,False,0
26,poultry,turkeys,insufficient_data,False,0
24,poultry,peafowl,insufficient_data,False,0
1,poultry,chukars,insufficient_data,False,0
9,poultry,chukars,insufficient_data,False,0
55,poultry,chukars,insufficient_data,False,0
28,poultry,turkeys,insufficient_data,False,0
40,poultry,emus,insufficient_data,False,0
21,poultry,chukars,insufficient_data,False,0
33,poultry,guineas,insufficient_data,False,0
21,poultry,rheas,insufficient_data,False,0
16,poultry,pheasants,insufficient_data,False,0
5,poultry,chukars,insufficient_data,False,0
48,poultry,other,insufficient_data,False,0
53,poultry,guineas,insufficient_data,False,0
33,poultry,ducks,insufficient_data,False,0
8,poultry,chukars,insufficient_data,False,0
56,poultry,pigeons and squab,insufficient_data,False,0
13,poultry,guineas,insufficient_data,False,0
34,poultry,pheasants,insufficient_data,False,0
34,poultry,pigeons and squab,insufficient_data,False,0
15,poultry,other,insufficient_data,False,0
44,poultry,turkeys,insufficient_data,False,0
22,poultry,emus,insufficient_data,False,0
44,poultry,chukars,insufficient_data,False,0
49,poultry,turkeys,insufficient_data,False,0
50,poultry,pheasants,insufficient_data,False,0
13,poultry,peafowl,insufficient_data,False,0
26,poultry,guineas,insufficient_data,False,0
9,poultry,emus,insufficient_data,False,0
40,poultry,pigeons and squab,insufficient_data,False,0
41,poultry,quail,insufficient_data,False,0
51,poultry,rheas,insufficient_data,False,0
51,poultry,other,insufficient_data,False,0
40,poultry,pheasants,insufficient_data,False,0
33,poultry,geese,insufficient_data,False,0
49,poultry,ducks,insufficient_data,False,0
48,poultry,quail,insufficient_data,False,0
8,poultry,ducks,insufficient_data,False,0
44,poultry,pigeons and squab,insufficient_data,False,0
38,poultry,quail,insufficient_data,False,0
31,poultry,guineas,insufficient_data,False,0
41,poultry,other,insufficient_data,False,0
30,poultry,turkeys,insufficient_data,False,0
34,poultry,guineas,insufficient_data,False,0
50,poultry,ducks,insufficient_data,False,0
41,poultry,emus,insufficient_data,False,0
10,poultry,geese,insufficient_data,False,0
49,poultry,geese,insufficient_data,False,0
13,poultry,pheasants,insufficient_data,False,0
26,poultry,rheas,insufficient_data,False,0
17,poultry,chukars,insufficient_data,False,0
27,poultry,chukars,insufficient_data,False,0
24,poultry,geese,insufficient_data,False,0
12,poultry,pheasants,insufficient_data,False,0
45,poultry,geese,insufficient_data,False,0
32,poultry,guineas,insufficient_data,False,0
42,poultry,emus,insufficient_data,False,0
33,poultry,ostriches,insufficient_data,False,0
13,poultry,partridges,insufficient_data,False,0
25,poultry,quail,insufficient_data,False,0
18,poultry,geese,insufficient_data,False,0
4,poultry,pigeons and squab,insufficient_data,False,0
20,poultry,emus,insufficient_data,False,0
40,poultry,geese,insufficient_data,False,0
9,poultry,peafowl,insufficient_data,False,0
31,poultry,quail,insufficient_data,False,0
51,poultry,pheasants,insufficient_data,False,0
16,poultry,emus,insufficient_data,False,0
30,poultry,emus,insufficient_data,False,0
2,poultry,geese,insufficient_data,False,0
46,poultry,pigeons and squab,insufficient_data,False,0
22,poultry,turkeys,insufficient_data,False,0
5,poultry,pheasants,insufficient_data,False,0
8,poultry,peafowl,insufficient_data,False,0
21,poultry,geese,insufficient_data,False,0
41,poultry,ducks,insufficient_data,False,0
12,poultry,partridges,insufficient_data,False,0
19,poultry,emus,insufficient_data,False,0
47,poultry,pigeons and squab,insufficient_data,False,0
45,poultry,pheasants,insufficient_data,False,0
38,poultry,turkeys,insufficient_data,False,0
12,poultry,pigeons and squab,insufficient_data,False,0
33,poultry,quail,insufficient_data,False,0
10,poultry,chukars,insufficient_data,False,0
28,poultry,ducks,insufficient_data,False,0
47,poultry,ostriches,insufficient_data,False,0
46,poultry,turkeys,insufficient_data,False,0
16,poultry,peafowl,insufficient_data,False,0
27,poultry,ostriches,insufficient_data,False,0
9,poultry,guineas,insufficient_data,False,0
20,poultry,partridges,insufficient_data,False,0
46,poultry,emus,insufficient_data,False,0
29,poultry,guineas,insufficient_data,False,0
51,poultry,pigeons and squab,insufficient_data,False,0
47,poultry,emus,insufficient_data,False,0
18,poultry,peafowl,insufficient_data,False,0
4,poultry,turkeys,insufficient_data,False,0
18,poultry,guineas,insufficient_data,False,0
32,poultry,pigeons and squab,insufficient_data,False,0
24,poultry,pigeons and squab,insufficient_data,False,0
35,poultry,quail,insufficient_data,False,0
12,poultry,geese,insufficient_data,False,0
17,poultry,quail,insufficient_data,False,0
36,poultry,quail,insufficient_data,False,0
2,poultry,turkeys,insufficient_data,False,0
8,poultry,guineas,insufficient_data,False,0
17,poultry,pigeons and squab,insufficient_data,False,0
47,poultry,pheasants,insufficient_data,False,0
21,poultry,pheasants,insufficient_data,False,0
39,poultry,chukars,insufficient_data,False,0
33,poultry,peafowl,insufficient_data,False,0
28,poultry,peafowl,insufficient_data,False,0
9,poultry,pheasants,insufficient_data,False,0
15,poultry,pheasants,insufficient_data,False,0
17,poultry,peafowl,insufficient_data,False,0
51,poultry,guineas,insufficient_data,False,0
37,poultry,pheasants,insufficient_data,False,0
53,poultry,quail,insufficient_data,False,0
34,poultry,other,insufficient_data,False,0
2,poultry,emus,insufficient_data,False,0
39,poultry,guineas,insufficient_data,False,0
16,poultry,geese,insufficient_data,False,0
4,poultry,ostriches,insufficient_data,False,0
55,poultry,turkeys,insufficient_data,False,0
18,poultry,rheas,insufficient_data,False,0
42,poultry,chukars,insufficient_data,False,0
53,poultry,partridges,insufficient_data,False,0
31,poultry,partridges,insufficient_data,False,0
47,poultry,chukars,insufficient_data,False,0
5,poultry,quail,insufficient_data,False,0
47,poultry,peafowl,insufficient_data,False,0
6,poultry,pheasants,insufficient_data,False,0
55,poultry,partridges,insufficient_data,False,0
34,poultry,emus,insufficient_data,False,0
6,poultry,ostriches,insufficient_data,False,0
41,poultry,guineas,insufficient_data,False,0
6,poultry,emus,insufficient_data,False,0
56,poultry,turkeys,insufficient_data,False,0
40,poultry,other,insufficient_data,False,0
39,poultry,ostriches,insufficient_data,False,0
23,poultry,partridges,insufficient_data,False,0
15,poultry,guineas,insufficient_data,False,0
30,poultry,pheasants,insufficient_data,False,0
41,poultry,pheasants,insufficient_data,False,0
9,poultry,geese,insufficient_data,False,0
36,poultry,pheasants,insufficient_data,False,0
18,poultry,quail,insufficient_data,False,0
24,poultry,quail,insufficient_data,False,0
29,poultry,turkeys,insufficient_data,False,0
46,poultry,ducks,insufficient_data,False,0
8,poultry,other,insufficient_data,False,0
28,poultry,guineas,insufficient_data,False,0
51,poultry,quail,insufficient_data,False,0
27,poultry,peafowl,insufficient_data,False,0
32,poultry,ducks,insufficient_data,False,0
38,poultry,pigeons and squab,insufficient_data,False,0
19,poultry,quail,insufficient_data,False,0
19,poultry,turkeys,insufficient_data,False,0
40,poultry,rheas,insufficient_data,False,0
29,poultry,quail,insufficient_data,False,0
18,poultry,ducks,insufficient_data,False,0
50,poultry,quail,insufficient_data,False,0
23,poultry,peafowl,insufficient_data,False,0
18,poultry,turkeys,insufficient_data,False,0
54,poultry,emus,insufficient_data,False,0
17,poultry,geese,insufficient_data,False,0
46,poultry,chukars,insufficient_data,False,0
16,poultry,turkeys,insufficient_data,False,0
51,poultry,ostriches,insufficient_data,False,0
37,poultry,peafowl,insufficient_data,False,0
21,poultry,other,insufficient_data,False,0
47,poultry,quail,insufficient_data,False,0
45,poultry,ducks,insufficient_data,False,0
31,poultry,chukars,insufficient_data,False,0
13,poultry,emus,insufficient_data,False,0
54,poultry,geese,insufficient_data,False,0
39,poultry,pigeons and squab,insufficient_data,False,0
24,poultry,turkeys,insufficient_data,False,0
2,poultry,pheasants,insufficient_data,False,0
55,poultry,pigeons and squab,insufficient_data,False,0
31,poultry,pigeons and squab,insufficient_data,False,0
8,poultry,geese,insufficient_data,False,0
19,poultry,ducks,insufficient_data,False,0
9,poultry,quail,insufficient_data,False,0
26,poultry,peafowl,insufficient_data,False,0
20,poultry,pheasants,insufficient_data,False,0
54,poultry,guineas,insufficient_data,False,0
9,poultry,ducks,insufficient_data,False,0
39,poultry,partridges,insufficient_data,False,0
10,poultry,quail,insufficient_data,False,0
47,poultry,ducks,insufficient_data,False,0
1,poultry,quail,insufficient_data,False,0
4,poultry,rheas,insufficient_data,False,0
17,poultry,ducks,insufficient_data,False,0
19,poultry,guineas,insufficient_data,False,0
37,poultry,quail,insufficient_data,False,0
34,poultry,peafowl,insufficient_data,False,0
42,poultry,partridges,insufficient_data,False,0
33,poultry,pigeons and squab,insufficient_data,False,0
23,poultry,turkeys,insufficient_data,False,0
30,poultry,peafowl,insufficient_data,False,0
48,poultry,rheas,insufficient_data,False,0
48,poultry,chukars,insufficient_data,False,0
25,poultry,peafowl,insufficient_data,False,0
22,poultry,geese,insufficient_data,False,0
28,poultry,other,insufficient_data,False,0
51,poultry,emus,insufficient_data,False,0
13,poultry,geese,insufficient_data,False,0
45,poultry,peafowl,insufficient_data,False,0
30,poultry,pigeons and squab,insufficient_data,False,0
30,poultry,other,insufficient_data,False,0
36,poultry,other,insufficient_data,False,0
56,poultry,geese,insufficient_data,False,0
46,poultry,guineas,insufficient_data,False,0
20,poultry,turkeys,insufficient_data,False,0
13,poultry,turkeys,insufficient_data,False,0
8,poultry,emus,insufficient_data,False,0
37,poultry,turkeys,insufficient_data,False,0
8,poultry,pigeons and squab,insufficient_data,False,0
24,poultry,other,insufficient_data,False,0
25,poultry,ducks,insufficient_data,False,0
31,poultry,peafowl,insufficient_data,False,0
33,poultry,turkeys,insufficient_data,False,0
44,poultry,pheasants,insufficient_data,False,0
44,poultry,emus,insufficient_data,False,0
15,poultry,quail,insufficient_data,False,0
35,poultry,ostriches,insufficient_data,False,0
36,poultry,turkeys,insufficient_data,False,0
12,poultry,other,insufficient_data,False,0
28,poultry,geese,insufficient_data,False,0
53,poultry,ducks,insufficient_data,False,0
12,poultry,turkeys,insufficient_data,False,0
6,poultry,chukars,insufficient_data,False,0
20,poultry,pigeons and squab,insufficient_data,False,0
33,poultry,pheasants,insufficient_data,False,0
53,poultry,peafowl,insufficient_data,False,0
28,poultry,emus,insufficient_data,False,0
55,poultry,emus,insufficient_data,False,0
1,poultry,pigeons and squab,insufficient_data,False,0
48,poultry,peafowl,insufficient_data,False,0
35,poultry,peafowl,insufficient_data,False,0
29,poultry,other,insufficient_data,False,0
30,poultry,ducks,insufficient_data,False,0
1,poultry,geese,insufficient_data,False,0
20,poultry,chukars,insufficient_data,False,0
30,poultry,geese,insufficient_data,False,0
17,poultry,pheasants,insufficient_data,False,0
46,poultry,ostriches,insufficient_data,False,0
38,poultry,geese,insufficient_data,False,0
34,poultry,ducks,insufficient_data,False,0
48,poultry,guineas,insufficient_data,False,0
55,poultry,guineas,insufficient_data,False,0
41,poultry,pigeons and squab,insufficient_data,False,0
6,poultry,turkeys,insufficient_data,False,0
23,poultry,chukars,insufficient_data,False,0
12,poultry,peafowl,insufficient_data,False,0
2,poultry,quail,insufficient_data,False,0
36,poultry,partridges,insufficient_data,False,0
23,poultry,emus,insufficient_data,False,0
29,poultry,peafowl,insufficient_data,False,0
15,poultry,peafowl,insufficient_data,False,0
45,poultry,emus,insufficient_data,False,0
55,poultry,rheas,insufficient_data,False,0
5,poultry,pigeons and squab,insufficient_data,False,0
4,poultry,quail,insufficient_data,False,0
48,poultry,pheasants,insufficient_data,False,0
41,poultry,chukars,insufficient_data,False,0
6,poultry,guineas,insufficient_data,False,0
54,poultry,ducks,insufficient_data,False,0
40,poultry,quail,insufficient_data,False,0
36,poultry,chukars,insufficient_data,False,0
42,poultry,guineas,insufficient_data,False,0
42,poultry,other,insufficient_data,False,0
29,poultry,rheas,insufficient_data,False,0
1,poultry,rheas,insufficient_data,False,0
22,poultry,pigeons and squab,insufficient_data,False,0
6,poultry,other,insufficient_data,False,0
38,poultry,partridges,insufficient_data,False,0
4,poultry,other,insufficient_data,False,0
25,poultry,pheasants,insufficient_data,False,0
46,poultry,peafowl,insufficient_data,False,0
2,poultry,guineas,insufficient_data,False,0
16,poultry,guineas,insufficient_data,False,0
5,poultry,turkeys,insufficient_data,False,0
48,poultry,pigeons and squab,insufficient_data,False,0
38,poultry,ducks,insufficient_data,False,0
23,poultry,quail,insufficient_data,False,0
16,poultry,ducks,insufficient_data,False,0
10,poultry,ducks,insufficient_data,False,0
21,poultry,pigeons and squab,insufficient_data,False,0
31,poultry,pheasants,insufficient_data,False,0
22,poultry,guineas,insufficient_data,False,0
53,poultry,geese,insufficient_data,False,0
26,poultry,quail,insufficient_data,False,0
34,poultry,ostriches,insufficient_data,False,0
22,poultry,quail,insufficient_data,False,0
51,poultry,geese,insufficient_data,False,0
37,poultry,emus,insufficient_data,False,0
6,poultry,rheas,insufficient_data,False,0
22,poultry,other,insufficient_data,False,0
55,poultry,geese,insufficient_data,False,0
26,poultry,pigeons and squab,insufficient_data,False,0
26,poultry,emus,insufficient_data,False,0
28,poultry,pheasants,insufficient_data,False,0
27,poultry,partridges,insufficient_data,False,0
13,poultry,chukars,insufficient_data,False,0
40,poultry,ducks,insufficient_data,False,0
10,poultry,turkeys,insufficient_data,False,0
31,poultry,other,insufficient_data,False,0
40,poultry,pullets,insufficient_data,False,0
34,poultry,broilers,insufficient_data,False,0
55,poultry,roosters,insufficient_data,False,0
10,poultry,roosters,insufficient_data,False,0
39,poultry,broilers,insufficient_data,False,0
22,poultry,roosters,insufficient_data,False,0
36,poultry,broilers,insufficient_data,False,0
16,poultry,broilers,insufficient_data,False,0
23,poultry,broilers,insufficient_data,False,0
8,poultry,broilers,insufficient_data,False,0
38,poultry,layers,insufficient_data,False,0
15,poultry,broilers,insufficient_data,False,0
30,poultry,pullets,insufficient_data,False,0
53,poultry,pullets,insufficient_data,False,0
5,poultry,broilers,insufficient_data,False,0
42,poultry,layers,insufficient_data,False,0
34,poultry,layers,insufficient_data,False,0
48,poultry,pullets,insufficient_data,False,0
53,poultry,layers,insufficient_data,False,0
49,poultry,broilers,insufficient_data,False,0
39,poultry,pullets,insufficient_data,False,0
17,poultry,broilers,insufficient_data,False,0
27,poultry,pullets,insufficient_data,False,0
23,poultry,layers,insufficient_data,False,0
25,poultry,pullets,insufficient_data,False,0
44,poultry,roosters,insufficient_data,False,0
54,poultry,roosters,insufficient_data,False,0
47,poultry,roosters,insufficient_data,False,0
27,poultry,layers,insufficient_data,False,0
32,poultry,roosters,insufficient_data,False,0
6,poultry,layers,insufficient_data,False,0
39,poultry,roosters,insufficient_data,False,0
31,poultry,layers,insufficient_data,False,0
33,poultry,broilers,insufficient_data,False,0
18,poultry,pullets,insufficient_data,False,0
2,poultry,layers,insufficient_data,False,0
34,poultry,pullets,insufficient_data,False,0
21,poultry,roosters,insufficient_data,False,0
28,poultry,broilers,insufficient_data,False,0
4,poultry,layers,insufficient_data,False,0
47,poultry,layers,insufficient_data,False,0
46,poultry,roosters,insufficient_data,False,0
54,poultry,broilers,insufficient_data,False,0
31,poultry,roosters,insufficient_data,False,0
33,poultry,pullets,insufficient_data,False,0
13,poultry,roosters,insufficient_data,False,0
48,poultry,layers,insufficient_data,False,0
1,poultry,layers,insufficient_data,False,0
19,poultry,roosters,insufficient_data,False,0
23,poultry,roosters,insufficient_data,False,0
50,poultry,roosters,insufficient_data,False,0
46,poultry,broilers,insufficient_data,False,0
19,poultry,broilers,insufficient_data,False,0
51,poultry,pullets,insufficient_data,False,0
34,poultry,roosters,insufficient_data,False,0
46,poultry,layers,insufficient_data,False,0
28,poultry,roosters,insufficient_data,False,0
20,poultry,roosters,insufficient_data,False,0
12,poultry,pullets,insufficient_data,False,0
21,poultry,broilers,insufficient_data,False,0
22,poultry,layers,insufficient_data,False,0
19,poultry,layers,insufficient_data,False,0
12,poultry,broilers,insufficient_data,False,0
51,poultry,roosters,insufficient_data,False,0
51,poultry,broilers,insufficient_data,False,0
37,poultry,pullets,insufficient_data,False,0
13,poultry,broilers,insufficient_data,False,0
49,poultry,layers,insufficient_data,False,0
18,poultry,roosters,insufficient_data,False,0
46,poultry,pullets,insufficient_data,False,0
35,poultry,layers,insufficient_data,False,0
29,poultry,broilers,insufficient_data,False,0
40,poultry,broilers,insufficient_data,False,0
29,poultry,roosters,insufficient_data,False,0
51,poultry,layers,insufficient_data,False,0
44,poultry,broilers,insufficient_data,False,0
4,poultry,pullets,insufficient_data,False,0
39,poultry,layers,insufficient_data,False,0
8,poultry,layers,insufficient_data,False,0
26,poultry,roosters,insufficient_data,False,0
54,poultry,pullets,insufficient_data,False,0
50,poultry,pullets,insufficient_data,False,0
8,poultry,roosters,insufficient_data,False,0
17,poultry,roosters,insufficient_data,False,0
42,poultry,roosters,insufficient_data,False,0
9,poultry,pullets,insufficient_data,False,0
47,poultry,pullets,insufficient_data,False,0
49,poultry,pullets,insufficient_data,False,0
15,poultry,roosters,insufficient_data,False,0
2,poultry,pullets,insufficient_data,False,0
5,poultry,pullets,insufficient_data,False,0
18,poultry,broilers,insufficient_data,False,0
36,poultry,layers,insufficient_data,False,0
4,poultry,broilers,insufficient_data,False,0
17,poultry,pullets,insufficient_data,False,0
31,poultry,broilers,insufficient_data,False,0
20,poultry,broilers,insufficient_data,False,0
25,poultry,broilers,insufficient_data,False,0
15,poultry,pullets,insufficient_data,False,0
56,poultry,pullets,insufficient_data,False,0
21,poultry,layers,insufficient_data,False,0
17,poultry,layers,insufficient_data,False,0
38,poultry,broilers,insufficient_data,False,0
37,poultry,broilers,insufficient_data,False,0
30,poultry,roosters,insufficient_data,False,0
55,poultry,broilers,insufficient_data,False,0
31,poultry,pullets,insufficient_data,False,0
5,poultry,roosters,insufficient_data,False,0
24,poultry,layers,insufficient_data,False,0
33,poultry,roosters,insufficient_data,False,0
23,poultry,pullets,insufficient_data,False,0
26,poultry,layers,insufficient_data,False,0
50,poultry,layers,insufficient_data,False,0
15,poultry,layers,insufficient_data,False,0
45,poultry,layers,insufficient_data,False,0
27,poultry,roosters,insufficient_data,False,0
41,poultry,layers,insufficient_data,False,0
28,poultry,pullets,insufficient_data,False,0
36,poultry,pullets,insufficient_data,False,0
50,poultry,broilers,insufficient_data,False,0
33,poultry,layers,insufficient_data,False,0
25,poultry,roosters,insufficient_data,False,0
13,poultry,pullets,insufficient_data,False,0
1,poultry,pullets,insufficient_data,False,0
30,poultry,broilers,insufficient_data,False,0
9,poultry,layers,insufficient_data,False,0
41,poultry,pullets,insufficient_data,False,0
2,poultry,roosters,insufficient_data,False,0
24,poultry,roosters,insufficient_data,False,0
32,poultry,layers,insufficient_data,False,0
55,poultry,pullets,insufficient_data,False,0
35,poultry,roosters,insufficient_data,False,0
6,poultry,pullets,insufficient_data,False,0
26,poultry,broilers,insufficient_data,False,0
12,poultry,roosters,insufficient_data,False,0
1,poultry,broilers,insufficient_data,False,0
18,poultry,layers,insufficient_data,False,0
24,poultry,pullets,insufficient_data,False,0
27,poultry,broilers,insufficient_data,False,0
42,poultry,broilers,insufficient_data,False,0
32,poultry,broilers,insufficient_data,False,0
42,poultry,pullets,insufficient_data,False,0
37,poultry,layers,insufficient_data,False,0
20,poultry,pullets,insufficient_data,False,0
20,poultry,layers,insufficient_data,False,0
56,poultry,roosters,insufficient_data,False,0
44,poultry,layers,insufficient_data,False,0
6,poultry,broilers,insufficient_data,False,0
45,poultry,broilers,insufficient_data,False,0
16,poultry,layers,insufficient_data,False,0
56,poultry,layers,insufficient_data,False,0
35,poultry,pullets,insufficient_data,False,0
9,poultry,broilers,insufficient_data,False,0
10,poultry,pullets,insufficient_data,False,0
30,poultry,layers,insufficient_data,False,0
2,poultry,broilers,insufficient_data,False,0
13,poultry,layers,insufficient_data,False,0
22,poultry,broilers,insufficient_data,False,0
48,poultry,broilers,insufficient_data,False,0
5,poultry,layers,insufficient_data,False,0
4,poultry,roosters,insufficient_data,False,0
45,poultry,pullets,insufficient_data,False,0
1,poultry,roosters,insufficient_data,False,0
29,poultry,layers,insufficient_data,False,0
9,poultry,roosters,insufficient_data,False,0
26,poultry,pullets,insufficient_data,False,0
19,poultry,pullets,insufficient_data,False,0
38,poultry,roosters,insufficient_data,False,0
32,poultry,pullets,insufficient_data,False,0
49,poultry,roosters,insufficient_data,False,0
41,poultry,broilers,insufficient_data,False,0
54,poultry,layers,insufficient_data,False,0
36,poultry,roosters,insufficient_data,False,0
6,poultry,roosters,insufficient_data,False,0
53,poultry,broilers,insufficient_data,False,0
47,poultry,broilers,insufficient_data,False,0
29,poultry,pullets,insufficient_data,False,0
16,poultry,pullets,insufficient_data,False,0
22,poultry,pullets,insufficient_data,False,0
35,poultry,broilers,insufficient_data,False,0
21,poultry,pullets,insufficient_data,False,0
37,poultry,roosters,insufficient_data,False,0
48,poultry,roosters,insufficient_data,False,0
10,poultry,layers,insufficient_data,False,0
12,poultry,layers,insufficient_data,False,0
24,poultry,broilers,insufficient_data,False,0
25,poultry,layers,insufficient_data,False,0
28,poultry,layers,insufficient_data,False,0
40,poultry,roosters,insufficient_data,False,0
56,poultry,broilers,insufficient_data,False,0
38,poultry,pullets,insufficient_data,False,0
45,poultry,roosters,insufficient_data,False,0
53,poultry,roosters,insufficient_data,False,0
8,poultry,pullets,insufficient_data,False,0
55,poultry,layers,insufficient_data,False,0
44,poultry,pullets,insufficient_data,False,0
40,poultry,layers,insufficient_data,False,0
16,poultry,roosters,insufficient_data,False,0
10,poultry,broilers,insufficient_data,False,0
41,poultry,roosters,insufficient_data,False,0
51,cattle,other,ipf,1,10
51,cattle,milk,ipf,1,17
19,cattle,beef,ipf,1,10
20,cattle,other,ipf,1,16
35,cattle,beef,ipf,1,14
36,cattle,all,ignored,False,0
18,cattle,all,ignored,False,0
22,cattle,beef,ipf,1,15
8,cattle,other,ipf,1,18
53,cattle,milk,ipf,1,13
22,cattle,all,ignored,False,0
2,cattle,all,ignored,False,0
18,cattle,milk,ipf,1,50
12,cattle,all,ignored,False,0
27,cattle,milk,ipf,1,13
56,cattle,beef,ipf,1,8
28,cattle,other,ipf,1,20
18,cattle,beef,missing_state_counts,False,0
13,cattle,milk,ipf,1,85
48,cattle,all,ignored,False,0
4,cattle,all,ignored,False,0
21,cattle,all,ignored,False,0
45,cattle,other,ipf,1,14
10,cattle,all,ignored,False,0
55,cattle,other,ipf,1,8
32,cattle,milk,missing_state_counts,False,0
37,cattle,other,ipf,1,16
28,cattle,milk,missing_state_counts,False,0
6,cattle,milk,ipf,1,14
5,cattle,all,ignored,False,0
15,cattle,all,ignored,False,0
55,cattle,milk,ipf,1,9
56,cattle,other,ipf,1,8
10,cattle,milk,missing_state_counts,False,0
54,cattle,milk,missing_state_counts,False,0
33,cattle,other,missing_state_counts,False,0
5,cattle,beef,ipf,1,10
30,cattle,beef,ipf,1,9
26,cattle,all,ignored,False,0
48,cattle,beef,ipf,1,14
31,cattle,all,ignored,False,0
15,cattle,milk,missing_state_counts,False,0
35,cattle,other,ipf,1,16
9,cattle,beef,missing_state_counts,False,0
30,cattle,other,ipf,1,9
26,cattle,beef,ipf,1,11
41,cattle,all,ignored,False,0
28,cattle,all,ignored,False,0
36,cattle,milk,ipf,1,11
18,cattle,other,ipf,1,17
30,cattle,all,ignored,False,0
50,cattle,other,ipf,1,12
53,cattle,other,ipf,1,21
20,cattle,all,ignored,False,0
53,cattle,all,ignored,False,0
5,cattle,milk,missing_state_counts,False,0
38,cattle,beef,ipf,1,8
17,cattle,other,ipf,1,14
16,cattle,all,ignored,False,0
38,cattle,all,ignored,False,0
36,cattle,beef,ipf,1,15
49,cattle,milk,ipf,1,14
29,cattle,other,ipf,1,9
23,cattle,all,ignored,False,0
49,cattle,other,ipf,1,10
27,cattle,other,ipf,1,12
27,cattle,beef,ipf,1,11
4,cattle,beef,ipf,1,12
29,cattle,beef,ipf,1,7
46,cattle,other,ipf,1,6
41,cattle,beef,ipf,1,18
17,cattle,all,ignored,False,0
13,cattle,other,ipf,1,23
33,cattle,all,ignored,False,0
37,cattle,beef,ipf,1,12
51,cattle,all,ignored,False,0
30,cattle,milk,missing_state_counts,False,0
31,cattle,beef,ipf,1,15
29,cattle,all,ignored,False,0
46,cattle,all,ignored,False,0
44,cattle,beef,ipf,1,13
21,cattle,milk,ipf,1,25
42,cattle,all,ignored,False,0
8,cattle,beef,ipf,1,10
40,cattle,other,ipf,1,10
6,cattle,other,ipf,1,15
24,cattle,milk,ipf,1,23
23,cattle,other,ipf,1,15
32,cattle,all,ignored,False,0
12,cattle,other,ipf,1,15
23,cattle,milk,ipf,1,19
24,cattle,beef,missing_state_counts,False,0
24,cattle,all,ignored,False,0
2,cattle,other,missing_state_counts,False,0
2,cattle,beef,missing_state_counts,False,0
46,cattle,milk,missing_state_counts,False,0
34,cattle,all,ignored,False,0
20,cattle,milk,ipf,1,103
9,cattle,other,ipf,1,12
31,cattle,milk,ipf,1,49
37,cattle,all,ignored,False,0
31,cattle,other,ipf,1,12
46,cattle,beef,ipf,1,10
24,cattle,other,ipf,1,11
16,cattle,milk,ipf,1,14
35,cattle,all,ignored,False,0
47,cattle,beef,ipf,1,8
50,cattle,all,ignored,False,0
45,cattle,all,ignored,False,0
2,cattle,milk,missing_state_counts,False,0
47,cattle,milk,ipf,1,35
16,cattle,other,ipf,1,16
45,cattle,milk,missing_state_counts,False,0
47,cattle,other,ipf,1,14
17,cattle,beef,ipf,1,19
40,cattle,milk,ipf,1,13
42,cattle,milk,ipf,1,9
12,cattle,milk,missing_state_counts,False,0
40,cattle,all,ignored,False,0
55,cattle,all,ignored,False,0
1,cattle,milk,missing_state_counts,False,0
25,cattle,milk,missing_state_counts,False,0
51,cattle,beef,ipf,1,8
26,cattle,other,ipf,1,9
45,cattle,beef,ipf,1,11
19,cattle,milk,ipf,1,25
44,cattle,other,ipf,1,14
33,cattle,beef,ipf,1,10
36,cattle,other,ipf,1,11
22,cattle,other,ipf,1,15
33,cattle,milk,ipf,1,19
42,cattle,beef,missing_state_counts,False,0
13,cattle,beef,ipf,1,17
21,cattle,beef,ipf,1,9
34,cattle,milk,missing_state_counts,False,0
15,cattle,beef,ipf,1,7
48,cattle,milk,ipf,1,23
25,cattle,beef,missing_state_counts,False,0
15,cattle,other,ipf,1,7
1,cattle,other,ipf,1,15
54,cattle,all,ignored,False,0
32,cattle,beef,ipf,1,9
19,cattle,other,ipf,1,13
50,cattle,milk,ipf,1,10
34,cattle,other,missing_state_counts,False,0
41,cattle,other,ipf,1,15
55,cattle,beef,ipf,1,10
4,cattle,milk,missing_state_counts,False,0
6,cattle,all,ignored,False,0
34,cattle,beef,ipf,1,15
5,cattle,other,ipf,1,10
19,cattle,all,ignored,False,0
35,cattle,milk,ipf,1,12
28,cattle,beef,ipf,1,11
12,cattle,beef,ipf,1,14
49,cattle,beef,ipf,1,10
29,cattle,milk,ipf,1,68
4,cattle,other,ipf,1,15
44,cattle,milk,missing_state_counts,False,0
49,cattle,all,ignored,False,0
17,cattle,milk,ipf,1,20
39,cattle,all,ignored,False,0
9,cattle,milk,ipf,1,13
21,cattle,other,ipf,1,11
1,cattle,all,ignored,False,0
40,cattle,beef,ipf,1,9
6,cattle,beef,ipf,1,13
38,cattle,other,ipf,1,10
13,cattle,all,ignored,False,0
39,cattle,other,ipf,1,14
54,cattle,other,ipf,1,13
27,cattle,all,ignored,False,0
10,cattle,other,missing_state_counts,False,0
54,cattle,beef,ipf,1,12
9,cattle,all,ignored,False,0
47,cattle,all,ignored,False,0
16,cattle,beef,ipf,1,10
41,cattle,milk,ipf,1,16
48,cattle,other,ipf,1,24
39,cattle,milk,ipf,1,17
25,cattle,all,ignored,False,0
10,cattle,beef,missing_state_counts,False,0
8,cattle,milk,ipf,1,34
44,cattle,all,ignored,False,0
56,cattle,all,ignored,False,0
39,cattle,beef,ipf,1,9
32,cattle,other,ipf,1,10
1,cattle,beef,ipf,1,11
56,cattle,milk,missing_state_counts,False,0
50,cattle,beef,missing_state_counts,False,0
25,cattle,other,missing_state_counts,False,0
22,cattle,milk,ipf,1,10
42,cattle,other,ipf,1,8
26,cattle,milk,ipf,1,14
37,cattle,milk,ipf,1,62
53,cattle,beef,ipf,1,18
38,cattle,milk,ipf,1,175
8,cattle,all,ignored,False,0
23,cattle,beef,missing_state_counts,False,0
20,cattle,beef,ipf,1,9
