status,county_by_farmsize,deficit,diff,farms_by_size,lambda0,tot_farms,tot_heads
ignored,,,,,,,
gaps,True,222794.0,222820.00000000012,True,612.8076923076923,17071.0,684923.0
gaps,True,1343.0,1368.9999999999998,True,19.77777777777778,92.0,1970.0
no gaps,,,,,,15171.0,527122.0
ignored,,,,,,,
gaps,False,15010.0,15012.0,False,7505.0,4.0,15010.0
ignored,,,,,,,
gaps,False,964444.0,964453.0,False,107160.44444444444,2294.0,216491903.0
ignored,,,,,,,
gaps,False,1367458.0,1367468.0,True,242826.5,4164.0,7588334.0
ignored,,,,,,,
gaps,False,673913.0,673927.0,False,48136.642857142855,790.0,6491110.0
ignored,,,,,,,
gaps,False,45127.0,45142.00000000012,False,3008.4666666666667,1004.0,753783.0
ignored,,,,,,,
gaps,False,404.0,412.0,False,50.5,566.0,17044.0
ignored,,,,,,,
gaps,False,48.0,54.0,False,8.0,18.0,62.0
ignored,,,,,,,
gaps,False,85.0,95.0,False,8.5,159.0,909.0
ignored,,,,,,,
gaps,False,235.0,253.0000000000009,False,13.055555555555557,389.0,5428.0
ignored,,,,,,,
gaps,True,38908.99999999999,38920.99999999999,True,17143.999999999996,924.0,52219.99999999999
ignored,,,,,,,
gaps,False,10.0,14.0,False,2.5,6.0,10.0
ignored,,,,,,,
gaps,False,343.0,357.0,False,24.5,98.0,1256.0
ignored,,,,,,,
gaps,False,13189.0,13200.99999999997,False,1099.0833333333333,34.0,157212.0
ignored,,,,,,,
gaps,False,528.0,534.0,False,88.0,17.0,685.0
ignored,,,,,,,
gaps,False,1077.0,1083.0,False,179.5,24.0,4677.0
ignored,,,,,,,
gaps,False,686371.0,686390.0,False,36124.78947368421,199.0,2426028.0
ignored,,,,,,,
gaps,False,19.0,23.0,False,4.75,5.0,19.0
ignored,,,,,,,
gaps,True,1240.0,1247.0,True,86.0,1008.0,33317.0
ignored,,,,,,,
gaps,False,17230.0,17247.0,False,1013.5294117647059,386.0,19134.0
ignored,,,,,,,
gaps,True,575.0,577.0,True,126.0,112.0,8113.0
no gaps,,,,,,28.0,134.0
gaps,True,752.0,754.0,True,189.0,114.0,8593.0
ignored,,,,,,,
gaps,False,1683.5714285714284,1684.5714285714284,False,1683.5714285714284,1.0,1683.5714285714284
ignored,,,,,,,
gaps,False,287.0,289.0,False,143.5,45.0,4057.0
ignored,,,,,,,
no gaps,,,,,,265.0,10134.0
ignored,,,,,,,
gaps,False,69.0,71.0,False,34.5,45.0,807.0
ignored,,,,,,,
gaps,False,31.0,33.0,False,15.5,46.0,157.0
ignored,,,,,,,
no gaps,,,,,,57.0,571.0
ignored,,,,,,,
no gaps,,,,,,5.0,17.0
ignored,,,,,,,
gaps,False,22.0,25.0,False,7.333333333333334,29.0,202.0
ignored,,,,,,,
gaps,False,61.0,63.0,False,30.5,9.0,126.0
ignored,,,,,,,
gaps,True,306.0,308.0,True,58.0,78.0,1604.0
ignored,,,,,,,
gaps,False,11.0,13.0,False,5.5,2.0,11.0
ignored,,,,,,,
gaps,False,13040.142857142857,13042.142857142857,False,6520.071428571428,2.0,13040.142857142857
ignored,,,,,,,
gaps,False,17335.2,17337.2,False,8667.6,2.0,17335.2
ignored,,,,,,,
gaps,False,381.0,384.0,False,127.0,7.0,381.0
ignored,,,,,,,
gaps,True,648.0,651.0,True,144.0,58.0,1143.0
ignored,,,,,,,
gaps,False,48.0,50.0,False,24.0,58.0,683.0
ignored,,,,,,,
gaps,True,40707.0,40710.0,True,934.0,4730.0,176434.0
gaps,True,96132.0,96136.0,True,21858.5,122.0,199188.0
gaps,True,122229.0,122231.0,True,58710.5,4188.0,622220.0
ignored,,,,,,,
gaps,False,1683.5714285714287,1684.5714285714287,False,1683.5714285714287,2.0,1683.5714285714287
ignored,,,,,,,
gaps,False,143.0,147.0,False,35.75,109.0,3741.0
ignored,,,,,,,
gaps,False,4229722.666666667,4229724.666666667,True,2013091.3333333335,2147.0,4262403.666666667
ignored,,,,,,,
gaps,False,477967.49999999994,477970.5,False,159322.5,577.0,483816.49999999994
ignored,,,,,,,
gaps,False,13.0,15.999999999999773,False,4.333333333333334,679.0,1835.0
ignored,,,,,,,
gaps,False,135.0,139.0,False,33.75,505.0,3852.0
ignored,,,,,,,
gaps,False,25.0,29.0,False,6.25,20.0,97.0
ignored,,,,,,,
gaps,False,24.0,28.0,False,6.0,264.0,1221.0
ignored,,,,,,,
gaps,False,44.0,46.0,False,22.0,128.0,764.0
ignored,,,,,,,
gaps,True,38200.0,38203.0,True,18022.0,541.0,41626.0
ignored,,,,,,,
gaps,False,79.0,81.0,False,39.5,15.0,527.0
ignored,,,,,,,
gaps,False,799.4666666666667,800.4666666666667,False,799.4666666666667,2.0,799.4666666666667
ignored,,,,,,,
no gaps,,,,,,91.0,965.0
ignored,,,,,,,
gaps,False,149.0,152.00000000000006,False,49.66666666666667,14.0,359.0
ignored,,,,,,,
gaps,False,128.0,131.0,False,42.66666666666667,46.0,4203.0
ignored,,,,,,,
gaps,False,1099.6153846153848,1101.6153846153848,False,549.8076923076924,3.0,1099.6153846153848
ignored,,,,,,,
gaps,False,2298.0,2301.0,False,766.0,54.0,3543.0
ignored,,,,,,,
gaps,False,7.0,9.0,False,3.5,10.0,31.0
ignored,,,,,,,
gaps,True,6849.0,6852.0,True,5348.0,7047.0,147195.0
ignored,,,,,,,
gaps,False,13.0,15.999999999999773,False,4.333333333333334,428.0,1884.0
ignored,,,,,,,
gaps,True,370928.0,370953.0,True,614.782608695652,19467.0,882184.0
gaps,True,1626.0,1649.0,True,24.600000000000005,75.0,3809.0
gaps,True,1365.0,1367.0,True,615.0,17994.0,702081.0
ignored,,,,,,,
gaps,False,1683.5714285714287,1685.5714285714287,False,841.7857142857143,11.0,1767.5714285714287
ignored,,,,,,,
gaps,False,1021203.0,1021215.0,False,85100.25,2087.0,205552568.0
ignored,,,,,,,
gaps,False,1396258.0,1396266.0,True,909696.0,4525.0,14421929.0
ignored,,,,,,,
gaps,False,501392.0,501405.0,False,38568.61538461538,704.0,9989619.0
ignored,,,,,,,
gaps,False,24933.0,24939.0,False,4155.5,1122.0,1152750.0
ignored,,,,,,,
gaps,False,197.0,210.0,False,15.153846153846153,609.0,6225.0
ignored,,,,,,,
gaps,False,110.0,117.0,False,15.714285714285715,21.0,158.0
ignored,,,,,,,
gaps,False,247.0,268.0,False,11.761904761904763,180.0,1019.0
ignored,,,,,,,
gaps,False,214.0,224.0,False,21.4,398.0,4782.0
ignored,,,,,,,
gaps,True,38492.0,38510.0,True,7856.75,1053.0,145376.0
ignored,,,,,,,
gaps,False,158.0,176.0,False,8.777777777777779,110.0,657.0
ignored,,,,,,,
gaps,False,13040.142857142857,13045.142857142859,False,2608.0285714285715,19.0,13370.142857142857
ignored,,,,,,,
gaps,False,121.0,126.0,False,24.2,16.0,921.0
ignored,,,,,,,
gaps,False,421.0,423.99999999999994,False,140.33333333333331,7.0,421.0
ignored,,,,,,,
gaps,False,3593.0,3606.0,False,276.3846153846154,123.0,6939.0
ignored,,,,,,,
gaps,False,13.555555555555555,14.555555555555555,False,13.555555555555555,1.0,13.555555555555555
ignored,,,,,,,
gaps,True,717.0,726.0000000000036,True,26.71428571428571,1140.0,32485.0
ignored,,,,,,,
gaps,False,430322.0,430335.0,False,33101.692307692305,497.0,11393027.0
ignored,,,,,,,
gaps,True,162776.0,162793.0,True,542.375,9324.0,682020.0
gaps,True,19309.0,19322.999999999767,True,2266.833333333333,1117.0,1688202.0
gaps,True,3008.0,3010.0,True,1808.0,9238.0,2868848.0
ignored,,,,,,,
gaps,False,17911.0,17917.999999999993,False,2558.714285714286,24.0,45061.0
ignored,,,,,,,
gaps,False,26645336.0,26645347.0,False,2422303.2727272725,700.0,50781157.0
ignored,,,,,,,
gaps,False,3394419.0,3394424.0,True,978082.3333333334,6310.0,13454544.0
ignored,,,,,,,
gaps,False,1997308.0,1997317.0,False,221923.11111111112,906.0,3794018.0
ignored,,,,,,,
gaps,False,35056.0,35064.0,False,4382.0,970.0,40818.0
ignored,,,,,,,
gaps,False,238602.0,238611.0,False,26511.333333333332,842.0,621454.0
ignored,,,,,,,
gaps,False,28.0,35.0,False,4.0,79.0,266.0
ignored,,,,,,,
gaps,False,4885.0,4897.999999999999,False,375.7692307692308,326.0,7597.0
ignored,,,,,,,
gaps,False,31504.0,31516.0,False,2625.3333333333335,289.0,34283.0
ignored,,,,,,,
gaps,True,49185.0,49193.0,True,21393.0,1374.0,82010.0
ignored,,,,,,,
gaps,False,22.0,25.00000000000003,False,7.333333333333334,18.0,168.0
ignored,,,,,,,
gaps,False,153.0,167.0,False,10.928571428571427,195.0,1369.0
ignored,,,,,,,
gaps,False,42547.0,42556.999999999985,False,4254.700000000001,52.0,102880.0
ignored,,,,,,,
gaps,False,13867.0,13885.000000000015,False,770.3888888888889,118.0,84491.0
ignored,,,,,,,
gaps,False,4340.0,4345.0,False,868.0,6.0,4340.0
ignored,,,,,,,
gaps,False,7773.0,7788.000000000029,False,518.2,114.0,248445.0
ignored,,,,,,,
gaps,False,20.0,22.0,False,10.0,5.0,20.0
ignored,,,,,,,
gaps,True,77390.0,77396.0,True,17992.25,3096.0,532849.0
ignored,,,,,,,
gaps,False,2121244.0,2121259.0,False,141416.26666666666,524.0,2186868.0
ignored,,,,,,,
gaps,True,257963.0,257988.0,True,375.9565217391304,10037.0,646005.0
gaps,True,13457.0,13479.99999999997,True,1164.2857142857144,414.0,201750.0
gaps,True,72044.0,72046.0,True,66574.0,9304.0,1810257.0
ignored,,,,,,,
gaps,False,11418.0,11430.0,False,951.5,32.0,11480.0
ignored,,,,,,,
gaps,False,89528.0,89541.00000000001,False,6886.7692307692305,585.0,118209.0
ignored,,,,,,,
gaps,False,1162850.0,1162857.0,True,455235.0,6236.0,1726744.0
ignored,,,,,,,
gaps,False,2129012.0,2129026.0,False,152072.2857142857,786.0,2140836.0
ignored,,,,,,,
gaps,False,30239.5,30251.500000000007,False,2519.9583333333335,968.0,33593.5
ignored,,,,,,,
gaps,False,117.0,125.0,False,14.625,1058.0,8586.0
ignored,,,,,,,
gaps,False,93.0,103.00000000000006,False,9.3,31.0,172.0
ignored,,,,,,,
gaps,False,61.0,69.0,False,7.625,346.0,1407.0
ignored,,,,,,,
gaps,False,339.0,350.0,False,30.81818181818182,307.0,2462.0
ignored,,,,,,,
gaps,True,505186.0,505203.0,True,49036.100000000006,1224.0,515878.0
ignored,,,,,,,
gaps,False,158.75,159.75,False,158.75,2.0,158.75
ignored,,,,,,,
gaps,False,799.4666666666666,800.4666666666666,False,799.4666666666666,1.0,799.4666666666666
ignored,,,,,,,
gaps,False,215.0,233.0,False,11.944444444444443,160.0,1054.0
ignored,,,,,,,
gaps,False,29103.0,29118.000000000004,False,1940.2,64.0,29471.0
ignored,,,,,,,
gaps,False,1398.0,1410.0,False,116.5,45.0,3754.0
ignored,,,,,,,
gaps,False,1099.6153846153845,1107.6153846153845,False,137.45192307692307,38.0,1304.6153846153845
ignored,,,,,,,
gaps,False,4211.0,4225.000000000002,False,300.7857142857143,86.0,5428.0
ignored,,,,,,,
gaps,False,13.555555555555555,14.555555555555555,False,13.555555555555555,1.0,13.555555555555555
ignored,,,,,,,
gaps,True,23413.0,23419.0,True,20627.0,1480.0,362574.0
ignored,,,,,,,
gaps,False,104.0,109.0,False,20.8,703.0,5735.0
ignored,,,,,,,
gaps,True,427.0,429.0,True,51.0,616.0,5897.0
gaps,True,29.0,31.0,True,13.0,145.0,18885.0
no gaps,,,,,,593.0,21055.0
ignored,,,,,,,
no gaps,,,,,,11.0,1500.0
ignored,,,,,,,
no gaps,,,,,,140.0,51667.0
ignored,,,,,,,
gaps,False,4129545.6666666665,4129546.6666666665,True,4026601.6666666665,1209.0,4167828.6666666665
ignored,,,,,,,
gaps,False,477967.5,477968.5,False,477967.5,148.0,483387.5
ignored,,,,,,,
gaps,False,3836.0,3838.0,False,1918.0,191.0,5367.0
ignored,,,,,,,
no gaps,,,,,,220.0,3089.0
ignored,,,,,,,
gaps,False,14.0,18.0,False,3.5,11.0,38.0
ignored,,,,,,,
no gaps,,,,,,73.0,484.0
ignored,,,,,,,
gaps,False,38.0,41.0,False,12.666666666666668,55.0,1081.0
ignored,,,,,,,
no gaps,,,,,,218.0,3701.0
ignored,,,,,,,
gaps,False,22.0,26.0,False,5.5,24.0,140.0
ignored,,,,,,,
gaps,False,734.0,737.0,False,244.66666666666669,14.0,1612.0
ignored,,,,,,,
gaps,False,73.0,76.0,False,24.333333333333336,4.0,73.0
ignored,,,,,,,
no gaps,,,,,,9.0,132.0
ignored,,,,,,,
gaps,False,82.0,84.0,False,41.0,28.0,1971.0
ignored,,,,,,,
no gaps,,,,,,332.0,4083.0
ignored,,,,,,,
no gaps,,,,,,154.0,3108.0
ignored,,,,,,,
no gaps,,,,,,178.0,1583.0
no gaps,,,,,,41.0,2507.0
no gaps,,,,,,141.0,6003.0
ignored,,,,,,,
no gaps,,,,,,3.0,72.0
ignored,,,,,,,
no gaps,,,,,,583.0,50458117.0
ignored,,,,,,,
gaps,False,4146436.6666666665,4146437.6666666665,True,4045201.6666666665,197.0,4150858.6666666665
ignored,,,,,,,
gaps,False,477967.5,477970.5,False,159322.5,21.0,477967.5
ignored,,,,,,,
no gaps,,,,,,23.0,206.0
ignored,,,,,,,
no gaps,,,,,,61.0,1156.0
ignored,,,,,,,
gaps,False,20.0,21.0,False,20.0,2.0,20.0
ignored,,,,,,,
gaps,False,14.0,16.0,False,7.0,20.0,67.0
ignored,,,,,,,
gaps,False,117.0,119.0,False,58.5,10.0,182.0
ignored,,,,,,,
no gaps,,,,,,46.0,2935.0
ignored,,,,,,,
gaps,False,11.0,12.0,False,11.0,9.0,93.0
ignored,,,,,,,
gaps,False,13040.142857142857,13041.142857142857,False,13040.142857142857,1.0,13040.142857142857
ignored,,,,,,,
gaps,False,607.0,609.0,False,303.5,4.0,607.0
ignored,,,,,,,
no gaps,,,,,,14.0,1596.0
ignored,,,,,,,
no gaps,,,,,,74.0,1288.0
ignored,,,,,,,
gaps,False,1053.0,1055.0,False,526.5,18.0,1512.0
ignored,,,,,,,
gaps,True,202967.0,202984.99999999988,True,714.6666666666667,15568.0,883589.0
gaps,True,22186.0,22200.0,True,1671.0,369.0,94013.0
gaps,True,3157.0,3159.0,True,2459.0,12780.0,596455.0
ignored,,,,,,,
gaps,False,879.0,885.0,False,146.5,8.0,879.0
ignored,,,,,,,
gaps,False,445086.0,445097.0,False,40462.36363636363,992.0,12259925.0
ignored,,,,,,,
gaps,False,4055095.0,4055105.999999999,True,527924.8333333333,6197.0,7096782.0
ignored,,,,,,,
gaps,False,667569.0,667579.9999999995,False,60688.090909090904,888.0,3020429.0
ignored,,,,,,,
gaps,False,8613.0,8619.0,False,1435.5,1270.0,44689.0
ignored,,,,,,,
gaps,False,3449.0,3454.9999999999964,False,574.8333333333333,1040.0,22702.0
ignored,,,,,,,
gaps,False,87.0,101.0,False,6.214285714285714,94.0,704.0
ignored,,,,,,,
gaps,False,214.0,222.0,False,26.75,340.0,2974.0
ignored,,,,,,,
gaps,False,602.0,614.0,False,50.16666666666667,519.0,7170.0
ignored,,,,,,,
gaps,True,1745.0,1750.0,True,284.0,1486.0,14482.0
ignored,,,,,,,
gaps,False,34.0,38.0,False,8.5,23.0,236.0
ignored,,,,,,,
gaps,False,799.4666666666666,800.4666666666666,False,799.4666666666666,2.0,799.4666666666666
ignored,,,,,,,
gaps,False,230.0,249.0,False,12.105263157894736,258.0,2069.0
ignored,,,,,,,
gaps,False,229.0,237.99999999999955,False,25.444444444444443,50.0,2424.0
ignored,,,,,,,
gaps,False,1408.0,1424.0,False,88.0,98.0,6085.0
ignored,,,,,,,
gaps,False,219.0,224.0,False,43.8,20.0,2075.0
ignored,,,,,,,
gaps,False,179097.0,179116.0,False,9426.157894736842,202.0,265354.0
ignored,,,,,,,
gaps,False,31.0,36.99999999999999,False,5.166666666666666,7.0,31.0
ignored,,,,,,,
gaps,True,44.0,48.0,True,10.0,1358.0,24329.0
ignored,,,,,,,
gaps,False,190.0,200.9999999999991,False,17.272727272727273,732.0,7959.0
ignored,,,,,,,
gaps,True,200162.0,200223.0,True,430.76363636363635,12462.0,490955.0
gaps,True,42516.0,42573.0,True,2461.3636363636365,391.0,72830.0
gaps,True,18739.0,18744.0,True,7851.0,11213.0,436775.0
ignored,,,,,,,
gaps,False,9842.0,9847.0,False,1968.4,17.0,33950.0
ignored,,,,,,,
gaps,False,4323377.0,4323423.0,False,93986.45652173912,2081.0,231349257.0
ignored,,,,,,,
gaps,False,6228474.0,6228496.0,True,1202291.75,4682.0,22129571.0
ignored,,,,,,,
gaps,False,805922.0,805959.0,False,21781.675675675677,862.0,9613925.0
ignored,,,,,,,
gaps,False,73510.0,73552.0,False,1750.2380952380954,1301.0,1152873.0
ignored,,,,,,,
gaps,False,4021.0,4053.0,False,125.65625,720.0,15667.0
ignored,,,,,,,
gaps,False,75.0,91.0,False,4.6875,40.0,210.0
ignored,,,,,,,
gaps,False,464.0,498.99999999999955,False,13.257142857142856,165.0,1058.0
ignored,,,,,,,
gaps,False,1244.0,1297.000000000001,False,23.471698113207545,446.0,6137.0
ignored,,,,,,,
gaps,True,32836.0,32883.0,True,2104.0,1053.0,41671.0
ignored,,,,,,,
gaps,False,12.0,15.0,False,4.0,4.0,12.0
ignored,,,,,,,
gaps,False,799.4666666666666,801.4666666666666,False,399.7333333333333,2.0,799.4666666666666
ignored,,,,,,,
gaps,False,203.0,231.0,False,7.25,200.0,2962.0
ignored,,,,,,,
gaps,False,16291.0,16305.0,False,1163.642857142857,48.0,70722.0
ignored,,,,,,,
gaps,False,1004.0,1020.0,False,62.75,30.0,1318.0
ignored,,,,,,,
gaps,False,669.0,675.0,False,111.5,20.0,1431.0
ignored,,,,,,,
gaps,False,829294.0,829328.0,False,24391.0,151.0,2351420.0
ignored,,,,,,,
gaps,False,13.555555555555555,14.555555555555555,False,13.555555555555555,2.0,13.555555555555555
ignored,,,,,,,
gaps,True,3049.0,3086.0,True,34.80769230769231,999.0,26839.0
ignored,,,,,,,
gaps,False,1402.0,1444.0,False,33.38095238095238,465.0,7011.0
ignored,,,,,,,
gaps,True,15317.0,15319.0,True,1171.5,900.0,75013.0
gaps,True,19.0,21.0,True,2.5,22.0,633.0
no gaps,,,,,,727.0,55970.0
ignored,,,,,,,
gaps,False,10606.0,10608.0,False,5303.0,55.0,12768.0
ignored,,,,,,,
no gaps,,,,,,697.0,298360.0
ignored,,,,,,,
gaps,False,477967.5,477969.5,False,238983.75,78.0,479257.5
ignored,,,,,,,
no gaps,,,,,,108.0,3022.0
ignored,,,,,,,
no gaps,,,,,,121.0,1858.0
ignored,,,,,,,
no gaps,,,,,,46.0,372.0
ignored,,,,,,,
no gaps,,,,,,11.0,100.0
ignored,,,,,,,
no gaps,,,,,,194.0,6514.0
ignored,,,,,,,
gaps,False,94.0,96.0,False,47.0,13.0,150.0
ignored,,,,,,,
gaps,False,76.0,78.0,False,38.0,6.0,76.0
ignored,,,,,,,
no gaps,,,,,,3.0,75.0
ignored,,,,,,,
no gaps,,,,,,10.0,342.0
ignored,,,,,,,
no gaps,,,,,,11.0,197.0
ignored,,,,,,,
gaps,True,10716.0,10718.0,True,6892.0,457.0,21510.0
ignored,,,,,,,
no gaps,,,,,,32.0,361.0
ignored,,,,,,,
gaps,True,47506.0,47513.0,True,689.2857142857143,7379.0,449249.0
gaps,True,3395.0,3402.0,True,2017.0,549.0,664479.0
no gaps,,,,,,6745.0,1404259.0
ignored,,,,,,,
gaps,False,2780.0,2786.0,False,463.3333333333333,17.0,2985.0
ignored,,,,,,,
gaps,False,349.0,358.0,False,38.77777777777778,350.0,12403.0
ignored,,,,,,,
gaps,False,555862.0,555867.0,True,121571.5,3514.0,638424.0
ignored,,,,,,,
gaps,False,477967.5,477975.5,False,59745.9375,447.0,484453.5
ignored,,,,,,,
gaps,False,12425.0,12435.999999999998,False,1129.5454545454545,503.0,13688.0
ignored,,,,,,,
gaps,False,2296.0,2306.0,False,229.60000000000002,449.0,5611.0
ignored,,,,,,,
gaps,False,29.0,33.999999999999986,False,5.8,25.0,99.0
ignored,,,,,,,
gaps,False,113.0,126.99999999999989,False,8.071428571428571,137.0,589.0
ignored,,,,,,,
gaps,False,86.0,96.0,False,8.600000000000001,142.0,946.0
ignored,,,,,,,
gaps,True,13948.0,13957.0,True,3263.3333333333335,562.0,21157.0
ignored,,,,,,,
gaps,False,799.4666666666666,801.4666666666666,False,399.7333333333333,3.0,799.4666666666666
ignored,,,,,,,
gaps,False,157.0,166.0,False,17.444444444444443,88.0,651.0
ignored,,,,,,,
gaps,False,28233.0,28242.0,False,3137.0,21.0,28359.0
ignored,,,,,,,
gaps,False,1216.0,1224.9999999999998,False,135.11111111111111,36.0,1682.0
ignored,,,,,,,
gaps,False,1099.6153846153845,1100.6153846153845,False,1099.6153846153845,1.0,1099.6153846153845
ignored,,,,,,,
gaps,False,2208.0,2218.000000000001,False,220.8,48.0,2872.0
ignored,,,,,,,
gaps,True,52916.0,52924.0,True,8762.6,1208.0,230681.0
ignored,,,,,,,
gaps,False,330.0,339.0,False,36.666666666666664,297.0,4644.0
ignored,,,,,,,
gaps,True,95021.0,95055.0,True,410.0666666666667,10713.0,331471.0
gaps,True,10038.0,10070.0,True,869.25,607.0,73006.0
gaps,True,607.0,610.0,True,22.333333333333332,10916.0,557563.0
ignored,,,,,,,
gaps,False,34650.0,34659.0,False,3850.0,14.0,42650.0
ignored,,,,,,,
gaps,False,127135.0,127154.0,False,6691.315789473684,546.0,288560.0
ignored,,,,,,,
gaps,False,6588076.0,6588087.999999999,True,1181192.4,4496.0,7278610.0
ignored,,,,,,,
gaps,False,685484.0,685508.9999999999,False,27419.36,680.0,700533.0
ignored,,,,,,,
gaps,False,9433.0,9451.000000000002,False,524.0555555555557,687.0,12744.0
ignored,,,,,,,
gaps,False,332.0,345.0,False,25.538461538461537,773.0,16515.0
ignored,,,,,,,
gaps,False,16.0,21.0,False,3.2,19.0,124.0
ignored,,,,,,,
gaps,False,254.0,283.0,False,8.758620689655173,223.0,1311.0
ignored,,,,,,,
gaps,False,296.0,318.0,False,13.454545454545455,391.0,2992.0
ignored,,,,,,,
gaps,True,428209.0,428231.0,True,24994.1875,1678.0,5204135.0
ignored,,,,,,,
gaps,False,158.75,159.75,False,158.75,1.0,158.75
ignored,,,,,,,
gaps,False,595.0,628.0,False,18.03030303030303,159.0,1274.0
ignored,,,,,,,
gaps,False,64080.0,64099.0,False,3372.6315789473683,46.0,69504.0
ignored,,,,,,,
gaps,False,2242.0,2255.0,False,172.46153846153845,36.0,3394.0
ignored,,,,,,,
gaps,False,1099.6153846153845,1100.6153846153845,False,1099.6153846153845,1.0,1099.6153846153845
ignored,,,,,,,
gaps,False,3311.0,3323.9999999999927,False,254.6923076923077,50.0,35808.0
ignored,,,,,,,
gaps,False,13.555555555555555,14.555555555555555,False,13.555555555555555,1.0,13.555555555555555
ignored,,,,,,,
gaps,True,1621.0,1630.0,True,216.5,1612.0,50943.0
ignored,,,,,,,
gaps,False,199442.0,199474.0,False,6232.5625,437.0,986321.0
ignored,,,,,,,
gaps,True,44705.0,44733.0,True,238.9230769230769,9990.0,177730.0
gaps,True,47609.0,47638.00000000003,True,5667.142857142858,1521.0,183176.0
no gaps,,,,,,11391.0,409142.0
ignored,,,,,,,
gaps,False,340.0,343.0,False,113.33333333333334,5.0,340.0
ignored,,,,,,,
gaps,False,409898.0,409917.0,False,21573.57894736842,1063.0,8174313.0
ignored,,,,,,,
gaps,False,22223160.0,22223173.999999993,True,1697926.6666666665,6009.0,35924482.0
ignored,,,,,,,
gaps,False,7816748.0,7816771.0,False,339858.60869565216,821.0,10859772.0
ignored,,,,,,,
gaps,False,5142.0,5161.0,False,270.63157894736844,681.0,113041.0
ignored,,,,,,,
gaps,False,11032.0,11049.999999999767,False,612.8888888888889,854.0,1719865.0
ignored,,,,,,,
gaps,False,16.0,20.0,False,4.0,19.0,54.0
ignored,,,,,,,
gaps,False,241.0,269.99999999999955,False,8.310344827586208,199.0,3324.0
ignored,,,,,,,
gaps,False,263.0,289.00000000000045,False,10.115384615384615,301.0,2125.0
ignored,,,,,,,
gaps,True,380898.0,380913.0,True,32547.09090909091,2150.0,4372121.0
ignored,,,,,,,
gaps,False,158.75,159.75,False,158.75,2.0,158.75
ignored,,,,,,,
gaps,False,317.0,347.0,False,10.566666666666666,152.0,1423.0
ignored,,,,,,,
gaps,False,2455.0,2464.0,False,272.77777777777777,49.0,3620.0
ignored,,,,,,,
gaps,False,1538.0,1552.0,False,109.85714285714286,65.0,2899.0
ignored,,,,,,,
gaps,False,3871.0,3885.0,False,276.5,99.0,6920.0
ignored,,,,,,,
no gaps,,,,,,3.0,75.0
ignored,,,,,,,
gaps,True,1479.0,1482.0,True,107.33333333333333,2456.0,79185.0
ignored,,,,,,,
gaps,False,191188.0,191209.0,False,9104.190476190477,695.0,8486069.0
ignored,,,,,,,
gaps,True,226526.0,226559.0,True,511.6363636363636,17214.0,858556.0
gaps,True,45858.0,45891.0,True,4547.0,1016.0,238087.0
no gaps,,,,,,19274.0,2421162.0
ignored,,,,,,,
gaps,False,1683.5714285714287,1689.5714285714284,False,280.5952380952381,12.0,1711.5714285714287
ignored,,,,,,,
gaps,False,1514030.0,1514048.9999999995,False,79685.78947368421,782.0,2914861.0
ignored,,,,,,,
gaps,False,35048488.0,35048513.0,True,1597608.0999999999,5352.0,43137355.0
ignored,,,,,,,
gaps,False,13660675.0,13660707.0,False,426896.09375,669.0,14559246.0
ignored,,,,,,,
gaps,False,29677.0,29699.0,False,1348.9545454545455,610.0,88735.0
ignored,,,,,,,
gaps,False,12659.0,12675.999999999996,False,744.6470588235294,663.0,21305.0
ignored,,,,,,,
gaps,False,31.0,40.0,False,3.4444444444444446,22.0,56.0
ignored,,,,,,,
gaps,False,276.0,301.0,False,11.04,295.0,1720.0
ignored,,,,,,,
gaps,False,442.0,467.0000000000018,False,17.68,318.0,15235.0
ignored,,,,,,,
gaps,True,91399.0,91403.0,True,21494.0,5253.0,23808603.0
ignored,,,,,,,
gaps,False,73.0,75.0,False,36.5,3.0,73.0
ignored,,,,,,,
gaps,False,671.0,698.0,False,24.85185185185185,158.0,2097.0
ignored,,,,,,,
gaps,False,25413.0,25434.0,False,1210.142857142857,59.0,35420.0
ignored,,,,,,,
gaps,False,1234.0,1257.0000000000002,False,53.65217391304348,43.0,1794.0
ignored,,,,,,,
gaps,False,1099.6153846153845,1101.6153846153845,False,549.8076923076923,2.0,1099.6153846153845
ignored,,,,,,,
gaps,False,65587.0,65613.0,False,2522.5769230769233,65.0,76655.0
ignored,,,,,,,
gaps,True,1979.0,1982.0,True,685.0,2482.0,156013.0
ignored,,,,,,,
gaps,False,548572.0,548602.0,False,18285.733333333334,444.0,5069831.0
ignored,,,,,,,
gaps,True,359462.0,359496.00000000023,True,846.6176470588234,19848.0,1332657.0
gaps,True,68913.0,68947.0,True,4497.923076923077,501.0,176106.0
gaps,True,86469.0,86471.0,True,78809.0,19544.0,4617639.0
ignored,,,,,,,
gaps,False,46288.0,46293.0,False,9257.6,27.0,59158.0
ignored,,,,,,,
gaps,False,5586.0,5619.0,False,169.27272727272728,380.0,19300.0
ignored,,,,,,,
gaps,False,1771686.0,1771690.0,True,1540457.0,4371.0,2025646.0
ignored,,,,,,,
gaps,False,477967.5,477991.5,False,19915.3125,564.0,487193.5
ignored,,,,,,,
gaps,False,5742.0,5764.0,False,261.0,607.0,7886.0
ignored,,,,,,,
gaps,False,234.0,251.0,False,13.764705882352942,627.0,15257.0
ignored,,,,,,,
gaps,False,146.0,151.0,False,29.2,19.0,204.0
ignored,,,,,,,
gaps,False,337.0,365.0,False,12.035714285714286,215.0,1352.0
ignored,,,,,,,
gaps,False,435.0,456.9999999999991,False,19.772727272727273,439.0,4697.0
ignored,,,,,,,
gaps,True,1198046.0,1198080.0000000002,True,65122.333333333336,907.0,1907011.0
ignored,,,,,,,
gaps,False,799.4666666666666,800.4666666666666,False,799.4666666666666,1.0,799.4666666666666
ignored,,,,,,,
gaps,False,260.0,282.0,False,11.818181818181818,100.0,1261.0
ignored,,,,,,,
gaps,False,109417.0,109437.0,False,5470.849999999999,87.0,337287.0
ignored,,,,,,,
gaps,False,223.0,232.99999999999977,False,22.299999999999997,26.0,637.0
ignored,,,,,,,
gaps,False,29471.0,29488.0,False,1733.5882352941176,85.0,33183.0
ignored,,,,,,,
gaps,True,20058.0,20074.0,True,6496.0,1281.0,94511.0
ignored,,,,,,,
gaps,False,369170.0,369201.0,False,11908.709677419356,254.0,370554.0
ignored,,,,,,,
gaps,True,124220.0,124253.0,True,324.48275862068965,28073.0,914865.0
gaps,True,1439.0,1469.9999999999927,True,11.32,1062.0,45904.0
gaps,True,123.0,125.0,True,13.5,25047.0,915614.0
ignored,,,,,,,
gaps,False,8480.0,8495.0,False,565.3333333333334,25.0,9005.0
ignored,,,,,,,
gaps,False,1213474.0,1213501.9999999925,False,43338.357142857145,1319.0,48826967.0
ignored,,,,,,,
gaps,False,1433527.0,1433537.0,True,706865.0,8586.0,5542366.0
ignored,,,,,,,
gaps,False,1557610.0,1557637.0,False,57689.259259259255,1305.0,2002388.0
ignored,,,,,,,
gaps,False,35048.0,35068.00000000003,False,1752.3999999999999,1513.0,220216.0
ignored,,,,,,,
gaps,False,177.0,190.00000000000182,False,13.615384615384615,1118.0,12585.0
ignored,,,,,,,
gaps,False,32.0,39.0,False,4.571428571428572,20.0,74.0
ignored,,,,,,,
gaps,False,362.0,399.0,False,9.783783783783782,363.0,2243.0
ignored,,,,,,,
gaps,False,290.0,312.0,False,13.181818181818182,798.0,7492.0
ignored,,,,,,,
gaps,True,261229.0,261248.0,True,30933.75,1564.0,454797.0
ignored,,,,,,,
gaps,False,10.0,12.0,False,5.0,4.0,10.0
ignored,,,,,,,
gaps,False,314.0,353.9999999999998,False,7.85,232.0,1417.0
ignored,,,,,,,
gaps,False,9826.0,9847.0,False,467.9047619047619,42.0,10010.0
ignored,,,,,,,
gaps,False,1088.0,1108.0000000000005,False,54.4,77.0,2884.0
ignored,,,,,,,
gaps,False,617.0,620.0,False,205.66666666666669,8.0,617.0
ignored,,,,,,,
gaps,False,5430.0,5466.000000000002,False,150.83333333333334,186.0,12462.0
ignored,,,,,,,
gaps,False,13.555555555555555,14.555555555555555,False,13.555555555555555,1.0,13.555555555555555
ignored,,,,,,,
gaps,True,238.0,244.0,True,22.166666666666664,2744.0,72199.0
ignored,,,,,,,
gaps,False,227551.0,227587.0,False,6320.86111111111,685.0,665495.0
ignored,,,,,,,
gaps,True,111665.0,111676.0,True,783.3636363636366,10332.0,441012.0
gaps,True,914.0,925.0,True,12.100000000000001,74.0,7796.0
no gaps,,,,,,9209.0,281683.0
ignored,,,,,,,
gaps,False,32.0,36.0,False,8.0,5.0,32.0
ignored,,,,,,,
gaps,False,984424.0,984438.0,False,70316.0,642.0,27083927.0
ignored,,,,,,,
gaps,False,325507.0,325515.0,True,18226.6,3187.0,3336175.0
ignored,,,,,,,
gaps,False,475740.0,475756.0,False,29733.75,520.0,483947.0
ignored,,,,,,,
gaps,False,37700.0,37709.000000000015,False,4188.888888888889,690.0,106573.0
ignored,,,,,,,
gaps,False,595.0,605.0,False,59.5,510.0,7734.0
ignored,,,,,,,
gaps,False,36.0,39.0,False,12.0,10.0,44.0
ignored,,,,,,,
gaps,False,166.0,182.99999999999977,False,9.764705882352942,204.0,1010.0
ignored,,,,,,,
gaps,False,164.0,174.0,False,16.4,297.0,3240.0
ignored,,,,,,,
gaps,True,237.0,247.0,True,12.100000000000001,673.0,5124.0
ignored,,,,,,,
gaps,False,158.75,159.75,False,158.75,2.0,158.75
ignored,,,,,,,
gaps,False,522.0,535.0,False,40.15384615384615,122.0,1165.0
ignored,,,,,,,
gaps,False,32.0,35.00000000000091,False,10.666666666666668,20.0,4562.0
ignored,,,,,,,
gaps,False,76.0,80.0,False,19.0,43.0,736.0
ignored,,,,,,,
gaps,False,372.0,379.0,False,53.142857142857146,35.0,1085.0
ignored,,,,,,,
gaps,False,5639.0,5647.0,False,704.875,122.0,12237.0
ignored,,,,,,,
gaps,False,13.555555555555555,14.555555555555555,False,13.555555555555555,2.0,13.555555555555555
ignored,,,,,,,
gaps,True,855.0,865.0,True,42.5,794.0,14200.0
ignored,,,,,,,
gaps,False,83.0,92.0,False,9.222222222222221,307.0,1862.0
ignored,,,,,,,
gaps,True,272.0,274.0,True,37.0,1107.0,11298.0
gaps,True,72.0,74.0,True,6.5,292.0,24836.0
no gaps,,,,,,1179.0,36141.0
ignored,,,,,,,
gaps,False,1683.5714285714287,1685.5714285714287,False,841.7857142857143,5.0,1716.5714285714287
ignored,,,,,,,
gaps,False,32697.0,32699.0,False,16348.5,277.0,133684.0
ignored,,,,,,,
gaps,False,479409.0,479412.0,True,342539.0,1619.0,543946.0
ignored,,,,,,,
no gaps,,,,,,214.0,5099.0
ignored,,,,,,,
no gaps,,,,,,319.0,1178.0
ignored,,,,,,,
no gaps,,,,,,335.0,5653.0
ignored,,,,,,,
gaps,False,15.0,18.0,False,5.0,18.0,105.0
ignored,,,,,,,
gaps,False,50.0,53.0,False,16.666666666666664,134.0,618.0
ignored,,,,,,,
no gaps,,,,,,142.0,1272.0
ignored,,,,,,,
no gaps,,,,,,418.0,5016.0
ignored,,,,,,,
gaps,False,799.4666666666666,800.4666666666666,False,799.4666666666666,1.0,799.4666666666666
ignored,,,,,,,
gaps,False,23.0,26.000000000000014,False,7.666666666666666,34.0,118.0
ignored,,,,,,,
gaps,False,13040.142857142857,13043.142857142859,False,4346.714285714286,5.0,13040.142857142857
ignored,,,,,,,
gaps,False,194.0,199.0,False,38.8,12.0,1094.0
ignored,,,,,,,
gaps,False,170.0,173.0,False,56.66666666666667,20.0,362.0
ignored,,,,,,,
no gaps,,,,,,530.0,11510.0
ignored,,,,,,,
gaps,False,3702.0,3705.0,False,1234.0,195.0,7231.0
ignored,,,,,,,
gaps,True,3227.0,3231.0,True,129.50000000000009,2295.0,40935.0
gaps,True,959.0,963.0,True,294.0,342.0,38290.0
no gaps,,,,,,2231.0,73169.0
ignored,,,,,,,
gaps,False,7040.0,7043.000000000001,False,2346.666666666667,5.0,7040.0
ignored,,,,,,,
gaps,False,16791.0,16794.0,False,5597.0,690.0,60567658.0
ignored,,,,,,,
gaps,False,2331481.0,2331485.0,True,633209.6666666667,2292.0,2459130.0
ignored,,,,,,,
gaps,False,444171.0,444174.0,False,148057.0,314.0,452534.0
ignored,,,,,,,
gaps,False,5766.0,5770.0,False,1441.5,391.0,7143.0
ignored,,,,,,,
gaps,False,43.0,46.00000000000182,False,14.333333333333332,369.0,12848.0
ignored,,,,,,,
gaps,False,157.0,166.99999999999997,False,15.700000000000001,32.0,192.0
ignored,,,,,,,
gaps,False,39.0,41.0,False,19.5,152.0,802.0
ignored,,,,,,,
gaps,False,34.0,37.0,False,11.333333333333332,185.0,1717.0
ignored,,,,,,,
gaps,True,7997.0,8003.0,True,2176.0,550.0,20219.0
ignored,,,,,,,
gaps,False,158.75,159.75,False,158.75,1.0,158.75
ignored,,,,,,,
gaps,False,54.0,60.0,False,9.0,61.0,223.0
ignored,,,,,,,
gaps,False,6681.0,6685.0,False,1670.25,21.0,6946.0
ignored,,,,,,,
gaps,False,412.0,417.0000000000002,False,82.4,25.0,1439.0
ignored,,,,,,,
gaps,False,96.0,100.0,False,24.0,10.0,106.0
ignored,,,,,,,
gaps,False,18419.0,18424.999999999996,False,3069.833333333333,39.0,21840.0
ignored,,,,,,,
gaps,False,13.555555555555555,14.555555555555555,False,13.555555555555555,1.0,13.555555555555555
ignored,,,,,,,
gaps,True,100.0,102.0,True,45.5,813.0,18912.0
ignored,,,,,,,
gaps,False,9318.0,9326.99999999997,False,1035.3333333333333,224.0,100789.0
ignored,,,,,,,
gaps,True,873.0,877.0,True,59.0,794.0,7652.0
gaps,True,683.0,687.0,True,197.0,151.0,9962.0
no gaps,,,,,,748.0,15479.0
ignored,,,,,,,
gaps,False,688.0,691.0000000000018,False,229.33333333333331,7.0,14188.0
ignored,,,,,,,
gaps,False,96.0,98.0,False,48.0,211.0,36805.0
ignored,,,,,,,
no gaps,,,,,,1611.0,182630.0
ignored,,,,,,,
gaps,False,879.0,881.0,False,439.5,233.0,9793.0
ignored,,,,,,,
no gaps,,,,,,282.0,1166.0
ignored,,,,,,,
no gaps,,,,,,266.0,3530.0
ignored,,,,,,,
gaps,False,15.0,17.0,False,7.5,8.0,15.0
ignored,,,,,,,
gaps,False,42.0,46.0,False,10.5,124.0,525.0
ignored,,,,,,,
gaps,False,26.0,28.0,False,13.0,90.0,704.0
ignored,,,,,,,
no gaps,,,,,,306.0,7271.0
ignored,,,,,,,
no gaps,,,,,,3.0,5400.0
ignored,,,,,,,
gaps,False,24.0,27.0,False,8.0,48.0,231.0
ignored,,,,,,,
gaps,False,94.0,96.0,False,47.0,21.0,18193.0
ignored,,,,,,,
gaps,False,62.0,64.99999999999989,False,20.666666666666664,25.0,930.0
ignored,,,,,,,
gaps,False,1440.0,1443.0,False,480.0,5.0,1440.0
ignored,,,,,,,
gaps,False,655.0,658.0000000000005,False,218.33333333333331,30.0,3279.0
ignored,,,,,,,
no gaps,,,,,,631.0,12280.0
ignored,,,,,,,
gaps,False,110.0,112.0,False,55.0,184.0,12967.0
ignored,,,,,,,
gaps,True,10917.0,10936.0,True,143.9375,6514.0,100552.0
gaps,True,10263.0,10280.0,True,760.5,1481.0,436254.0
gaps,True,148.0,150.0,True,26.0,7887.0,579751.0
ignored,,,,,,,
gaps,False,7037.0,7044.0,False,1005.2857142857143,19.0,8747.0
ignored,,,,,,,
gaps,False,584806.0,584814.0,False,73100.75,1566.0,2277900.0
ignored,,,,,,,
gaps,False,10412748.0,10412754.0,True,3342348.0,7699.0,17234017.0
ignored,,,,,,,
gaps,False,3199501.0,3199514.000000001,False,246115.46153846153,1097.0,4829282.0
ignored,,,,,,,
gaps,False,9220.0,9230.0,False,922.0,1155.0,15642.0
ignored,,,,,,,
gaps,False,7448.0,7456.0,False,931.0,1494.0,24296.0
ignored,,,,,,,
gaps,False,90.0,109.0,False,4.736842105263158,45.0,195.0
ignored,,,,,,,
gaps,False,123.0,138.0,False,8.2,455.0,3019.0
ignored,,,,,,,
gaps,False,294.0,311.0,False,17.294117647058822,573.0,4151.0
ignored,,,,,,,
gaps,True,92953.0,92959.0,True,28788.333333333336,2099.0,1262145.0
ignored,,,,,,,
gaps,False,26.0,31.000000000000014,False,5.2,13.0,71.0
ignored,,,,,,,
gaps,False,311.0,333.0000000000002,False,14.136363636363637,210.0,1395.0
ignored,,,,,,,
gaps,False,477316.0,477335.99999999994,False,23865.8,133.0,486820.0
ignored,,,,,,,
gaps,False,1500.0,1517.9999999999998,False,83.33333333333334,49.0,1908.0
ignored,,,,,,,
gaps,False,1099.6153846153845,1100.6153846153845,False,1099.6153846153845,2.0,1099.6153846153845
ignored,,,,,,,
gaps,False,2154.0,2171.000000000001,False,126.70588235294117,143.0,6427.0
ignored,,,,,,,
gaps,False,13.555555555555555,16.555555555555557,False,4.518518518518519,3.0,13.555555555555555
ignored,,,,,,,
gaps,True,2963.0,2969.0,True,907.0,2362.0,84596.0
ignored,,,,,,,
gaps,False,164789.0,164810.0,False,7847.0952380952385,896.0,1975551.0
ignored,,,,,,,
gaps,True,27672.0,27684.0,True,342.9090909090909,11691.0,364629.0
gaps,True,64886.0,64901.0,True,9626.833333333332,2185.0,459536.0
gaps,True,15790.0,15793.0,True,1857.333333333333,14574.0,1297460.0
ignored,,,,,,,
gaps,False,1356.0,1360.9999999999927,False,271.2,28.0,35131.0
ignored,,,,,,,
gaps,False,700629.0,700645.0,False,43789.3125,1285.0,7767645.0
ignored,,,,,,,
gaps,False,2221324.0,2221331.0,True,519185.0,6146.0,14553497.0
ignored,,,,,,,
gaps,False,1842368.0,1842384.0,False,115148.0,723.0,4185443.0
ignored,,,,,,,
gaps,False,4713.0,4730.000000000015,False,277.2352941176471,689.0,114472.0
ignored,,,,,,,
gaps,False,855.0,862.0,False,122.14285714285715,834.0,18056.0
ignored,,,,,,,
gaps,False,77.0,88.0,False,7.0,31.0,117.0
ignored,,,,,,,
gaps,False,231.0,247.99999999999955,False,13.588235294117647,354.0,2700.0
ignored,,,,,,,
gaps,False,214.0,226.0,False,17.833333333333332,518.0,5198.0
ignored,,,,,,,
gaps,True,29278.0,29288.0,True,4259.4,2928.0,8873776.0
ignored,,,,,,,
gaps,False,8.0,11.0,False,2.666666666666667,6.0,8.0
ignored,,,,,,,
gaps,False,799.4666666666666,800.4666666666666,False,799.4666666666666,1.0,799.4666666666666
ignored,,,,,,,
gaps,False,386.0,412.0,False,14.846153846153845,197.0,1331.0
ignored,,,,,,,
gaps,False,70562.0,70576.00000000003,False,5040.142857142857,105.0,145319.0
ignored,,,,,,,
gaps,False,1967.0,1982.0,False,131.13333333333335,44.0,2224.0
ignored,,,,,,,
gaps,False,611.0,621.0,False,61.099999999999994,83.0,268222.0
ignored,,,,,,,
gaps,True,2113.0,2118.0,True,420.0,2137.0,109592.0
ignored,,,,,,,
gaps,False,3658502.0,3658537.0,False,104528.62857142858,623.0,14927734.0
ignored,,,,,,,
gaps,True,66409.0,66423.0,True,384.6363636363637,12508.0,435176.0
gaps,True,3941.0,3952.0,True,108.33333333333333,45.0,6848.0
gaps,True,128.0,131.0,True,9.666666666666666,11154.0,390518.0
ignored,,,,,,,
gaps,False,45.0,47.0,False,22.5,5.0,45.0
ignored,,,,,,,
gaps,False,966637.0,966649.0000000149,False,80553.08333333333,1295.0,124374849.0
ignored,,,,,,,
gaps,False,1788651.0,1788660.0,True,1186797.0,3003.0,4673149.0
ignored,,,,,,,
gaps,False,883304.0,883319.0,False,58886.933333333334,595.0,3490217.0
ignored,,,,,,,
gaps,False,40335.0,40348.00000000006,False,3102.692307692308,667.0,376344.0
ignored,,,,,,,
gaps,False,448.0,464.0,False,28.0,381.0,5189.0
ignored,,,,,,,
gaps,False,30.0,32.0,False,15.0,19.0,216.0
ignored,,,,,,,
gaps,False,216.0,235.99999999999977,False,10.799999999999999,116.0,1147.0
ignored,,,,,,,
gaps,False,207.0,221.0,False,14.785714285714286,284.0,3007.0
ignored,,,,,,,
gaps,True,37291.0,37300.0,True,6158.8,709.0,177541.0
ignored,,,,,,,
gaps,False,177.0,193.0,False,11.0625,68.0,3037.0
ignored,,,,,,,
gaps,False,68.0,72.0,False,17.0,19.0,188.0
ignored,,,,,,,
gaps,False,862.0,871.0,False,95.77777777777777,22.0,1008.0
ignored,,,,,,,
gaps,False,1099.6153846153845,1101.6153846153845,False,549.8076923076923,2.0,1099.6153846153845
ignored,,,,,,,
gaps,False,34448.0,34461.0,False,2649.846153846154,119.0,61663.0
ignored,,,,,,,
no gaps,,,,,,6.0,24.0
ignored,,,,,,,
gaps,True,169.0,179.0,True,10.5,676.0,18884.0
ignored,,,,,,,
gaps,False,259.0,276.0,False,15.235294117647058,306.0,2330.0
ignored,,,,,,,
gaps,True,217657.0,217677.99999999977,True,316.5263157894737,39000.0,1968954.0
gaps,True,13204.0,13224.0,True,2210.0,1704.0,63882.0
gaps,True,633.0,636.0,True,45.5,38308.0,1972036.0
ignored,,,,,,,
gaps,False,6952.0,6962.0,False,695.2,26.0,7288.0
ignored,,,,,,,
gaps,False,572700.0,572727.0,False,21211.11111111111,1392.0,56614738.0
ignored,,,,,,,
gaps,False,6379456.0,6379465.0,True,1838353.3333333335,9421.0,11474121.0
ignored,,,,,,,
gaps,False,847852.0,847874.9999999995,False,36863.13043478261,1149.0,3801559.0
ignored,,,,,,,
gaps,False,29919.0,29931.0,False,2493.25,1714.0,240517.0
ignored,,,,,,,
gaps,False,316.0,332.9999999999982,False,18.58823529411765,1244.0,14116.0
ignored,,,,,,,
gaps,False,82.0,93.99999999999999,False,6.833333333333334,31.0,116.0
ignored,,,,,,,
gaps,False,901.0,939.9999999999995,False,23.102564102564102,398.0,2614.0
ignored,,,,,,,
gaps,False,254.0,270.0,False,15.875,815.0,8354.0
ignored,,,,,,,
gaps,True,170772.0,170792.0,True,10019.933333333332,2244.0,3290751.0
ignored,,,,,,,
gaps,False,9.0,12.0,False,3.0,8.0,19.0
ignored,,,,,,,
gaps,False,799.4666666666666,800.4666666666666,False,799.4666666666666,2.0,799.4666666666666
ignored,,,,,,,
gaps,False,474.0,508.0,False,13.941176470588236,220.0,1640.0
ignored,,,,,,,
gaps,False,19252.0,19269.999999999996,False,1069.5555555555557,47.0,19703.0
ignored,,,,,,,
gaps,False,921.0,939.9999999999998,False,48.473684210526315,68.0,1701.0
ignored,,,,,,,
gaps,False,1099.6153846153845,1100.6153846153845,False,1099.6153846153845,2.0,1099.6153846153845
ignored,,,,,,,
gaps,False,7945.0,7969.999999999993,False,317.8,144.0,27853.0
ignored,,,,,,,
gaps,False,26.0,29.000000000000004,False,8.666666666666668,5.0,26.0
ignored,,,,,,,
gaps,True,261.0,265.0,True,36.0,2837.0,120895.0
ignored,,,,,,,
gaps,False,224371.0,224395.00000000093,False,9348.791666666668,1072.0,7168069.0
ignored,,,,,,,
gaps,True,563193.0,563218.0,True,309.80000000000047,8653.0,1292714.0
gaps,True,4835.0,4860.0,True,143.25,273.0,10237.0
no gaps,,,,,,8419.0,815333.0
ignored,,,,,,,
gaps,False,186.0,190.0,False,46.5,15.0,264.0
ignored,,,,,,,
gaps,False,67030.0,67049.0,False,3527.894736842105,243.0,95107.0
ignored,,,,,,,
gaps,False,326042.0,326049.0,True,22819.0,2407.0,1235100.0
ignored,,,,,,,
gaps,False,179606.0,179624.0,False,9978.11111111111,271.0,303454.0
ignored,,,,,,,
gaps,False,50.0,67.00000000000023,False,2.9411764705882355,252.0,1188.0
ignored,,,,,,,
gaps,False,5072.0,5092.999999999999,False,241.52380952380955,286.0,7473.0
ignored,,,,,,,
gaps,False,324.0,327.0,False,108.0,7.0,324.0
ignored,,,,,,,
gaps,False,532.0,550.0,False,29.555555555555557,124.0,1279.0
ignored,,,,,,,
gaps,False,247.0,261.0,False,17.642857142857142,128.0,1130.0
ignored,,,,,,,
gaps,True,63577.0,63598.0,True,6467.625,347.0,230387.0
ignored,,,,,,,
gaps,False,232.0,245.0,False,17.846153846153847,46.0,484.0
ignored,,,,,,,
gaps,False,7414.0,7421.0,False,1059.142857142857,13.0,7549.0
ignored,,,,,,,
gaps,False,233.0,238.0,False,46.6,13.0,473.0
ignored,,,,,,,
no gaps,,,,,,4.0,12.0
ignored,,,,,,,
gaps,False,1134.0,1138.9999999999998,False,226.8,32.0,1850.0
ignored,,,,,,,
gaps,True,17902.0,17909.0,True,3733.6666666666665,1118.0,197784.0
ignored,,,,,,,
gaps,False,10565.0,10586.000000000002,False,503.0952380952381,201.0,14914.0
ignored,,,,,,,
gaps,True,668409.0,668451.0,True,405.4878048780488,14834.0,1721243.0
gaps,True,34046.0,34086.0,True,2540.3999999999996,300.0,57036.0
gaps,True,58902.0,58904.0,True,26899.0,15208.0,4611912.0
ignored,,,,,,,
gaps,False,670.0,672.0,False,335.0,4.0,670.0
ignored,,,,,,,
gaps,False,4133363.0,4133389.0,False,158975.5,315.0,15912621.0
ignored,,,,,,,
gaps,False,6352930.0,6352945.0,True,867486.3333333333,2782.0,7161783.0
ignored,,,,,,,
gaps,False,1400469.0,1400495.0000000005,False,53864.19230769231,351.0,2206036.0
ignored,,,,,,,
gaps,False,63652.0,63679.0,False,2357.4814814814813,272.0,77187.0
ignored,,,,,,,
gaps,False,615.0,633.0,False,34.16666666666667,374.0,4684.0
ignored,,,,,,,
gaps,False,12.0,15.0,False,4.0,17.0,39.0
ignored,,,,,,,
gaps,False,454.0,477.0,False,19.73913043478261,134.0,1212.0
ignored,,,,,,,
gaps,False,412.0,429.0,False,24.235294117647058,240.0,3066.0
ignored,,,,,,,
gaps,True,955709.0,955733.0,True,77695.0,942.0,3606923.0
ignored,,,,,,,
gaps,False,121.0,123.0,False,60.5,5.0,121.0
ignored,,,,,,,
gaps,False,196.0,212.99999999999994,False,11.529411764705882,85.0,463.0
ignored,,,,,,,
gaps,False,199538.0,199549.99999999994,False,16628.166666666664,22.0,199621.0
ignored,,,,,,,
gaps,False,292.0,297.9999999999999,False,48.666666666666664,19.0,598.0
ignored,,,,,,,
gaps,False,1099.6153846153845,1100.6153846153845,False,1099.6153846153845,2.0,1099.6153846153845
ignored,,,,,,,
gaps,False,334.0,342.0,False,41.75,36.0,2324.0
ignored,,,,,,,
gaps,True,4204.0,4215.0,True,137.125,953.0,58026.0
ignored,,,,,,,
gaps,False,116546.0,116566.0,False,5827.3,178.0,117499.0
ignored,,,,,,,
gaps,True,86108.0,86118.0,True,477.1111111111111,1130.0,232632.0
gaps,True,31893.0,31903.000000000004,True,8485.666666666668,48.0,31934.0
no gaps,,,,,,1138.0,173945.0
ignored,,,,,,,
gaps,False,136.0,139.0,False,45.33333333333333,11.0,616.0
ignored,,,,,,,
gaps,False,157.0,161.9999999999999,False,31.4,46.0,887.0
ignored,,,,,,,
gaps,False,90.0,92.0,True,41.5,539.0,15363.0
ignored,,,,,,,
gaps,False,68.0,71.0,False,22.666666666666664,56.0,742.0
ignored,,,,,,,
gaps,False,17.0,19.99999999999997,False,5.666666666666666,97.0,250.0
ignored,,,,,,,
gaps,False,40.0,42.0,False,20.0,85.0,563.0
ignored,,,,,,,
gaps,False,10.0,14.0,False,2.5,7.0,16.0
ignored,,,,,,,
gaps,False,42.0,48.0,False,7.0,31.0,118.0
ignored,,,,,,,
gaps,False,36.0,41.0,False,7.2,14.0,107.0
ignored,,,,,,,
gaps,True,37250.0,37255.0,True,35140.0,68.0,37505.0
ignored,,,,,,,
gaps,False,103.0,109.0,False,17.166666666666664,32.0,265.0
ignored,,,,,,,
gaps,False,20.0,23.0,False,6.666666666666666,6.0,20.0
ignored,,,,,,,
gaps,False,17335.2,17337.2,False,8667.6,3.0,17335.2
ignored,,,,,,,
gaps,False,52.0,54.0,False,26.0,21.0,706.0
ignored,,,,,,,
gaps,True,13424.0,13428.0,True,3382.0,281.0,71699.0
ignored,,,,,,,
gaps,False,576.0,581.0,False,115.2,84.0,1146.0
ignored,,,,,,,
gaps,True,666.0,668.0,True,71.0,538.0,4619.0
gaps,True,486.0,488.0,True,8.5,129.0,10477.0
no gaps,,,,,,579.0,14551.0
ignored,,,,,,,
gaps,False,222.0,224.0,False,111.0,7.0,222.0
ignored,,,,,,,
gaps,False,10530.0,10532.0,False,5265.0,109.0,19994.0
ignored,,,,,,,
gaps,False,189810.0,189812.0,True,54833.0,1109.0,238651.0
ignored,,,,,,,
gaps,False,477967.5,477969.5,False,238983.75,158.0,484718.5
ignored,,,,,,,
gaps,False,1259.0,1262.0,False,419.66666666666663,188.0,2421.0
ignored,,,,,,,
no gaps,,,,,,169.0,6330.0
ignored,,,,,,,
gaps,False,97.0,99.99999999999994,False,32.33333333333333,56.0,474.0
ignored,,,,,,,
no gaps,,,,,,86.0,1652.0
ignored,,,,,,,
gaps,True,37156.0,37157.0,True,36028.0,219.0,40468.0
ignored,,,,,,,
no gaps,,,,,,6.0,480.0
ignored,,,,,,,
gaps,False,16.0,18.0,False,8.0,25.0,149.0
ignored,,,,,,,
no gaps,,,,,,11.0,236.0
ignored,,,,,,,
no gaps,,,,,,11.0,199.0
ignored,,,,,,,
gaps,False,230.0,232.0,False,115.0,19.0,1329.0
ignored,,,,,,,
no gaps,,,,,,506.0,8754.0
ignored,,,,,,,
no gaps,,,,,,141.0,3943.0
ignored,,,,,,,
gaps,True,998.0,1003.0,True,67.0,781.0,9085.0
gaps,True,264.0,270.0,True,22.5,95.0,4445.0
gaps,True,268.0,270.0,True,46.0,588.0,12022.0
ignored,,,,,,,
gaps,False,1106.0,1110.0,False,276.5,19.0,22516.0
ignored,,,,,,,
gaps,False,19034.0,19041.0,False,2719.1428571428573,249.0,52074.0
ignored,,,,,,,
gaps,False,1247993.0,1247997.0,True,489533.5,2296.0,1388403.0
ignored,,,,,,,
gaps,False,477967.5,477970.5,False,159322.5,359.0,484861.5
ignored,,,,,,,
gaps,False,27.0,29.0,False,13.5,371.0,1693.0
ignored,,,,,,,
gaps,False,50634.5,50637.49999999999,False,16878.166666666664,408.0,56096.5
ignored,,,,,,,
gaps,False,37.0,42.99999999999997,False,6.166666666666666,41.0,142.0
ignored,,,,,,,
gaps,False,62.0,64.0,False,31.0,157.0,1068.0
ignored,,,,,,,
gaps,False,80.0,84.0,False,20.0,148.0,1143.0
ignored,,,,,,,
gaps,True,1085.0,1087.0,True,279.0,332.0,7276.0
ignored,,,,,,,
gaps,False,158.75,159.75,False,158.75,1.0,158.75
ignored,,,,,,,
gaps,False,206.0,209.0,False,68.66666666666666,86.0,646.0
ignored,,,,,,,
gaps,False,13860.0,13866.0,False,2310.0,42.0,61151.0
ignored,,,,,,,
gaps,False,351.0,355.0,False,87.75,27.0,1139.0
ignored,,,,,,,
gaps,False,1099.6153846153845,1101.6153846153845,False,549.8076923076923,3.0,1099.6153846153845
ignored,,,,,,,
gaps,False,380.0,385.0,False,76.0,44.0,29373.0
ignored,,,,,,,
gaps,False,13.555555555555555,14.555555555555555,False,13.555555555555555,2.0,13.555555555555555
ignored,,,,,,,
gaps,True,44.0,46.0,True,20.5,841.0,14085.0
ignored,,,,,,,
gaps,False,27243.0,27247.0,False,6810.75,198.0,29543.0
ignored,,,,,,,
gaps,True,160853.0,160866.0,True,472.83333333333326,7395.0,451242.0
gaps,True,14768.0,14781.0,True,3663.0,233.0,281569.0
no gaps,,,,,,6274.0,598049.0
ignored,,,,,,,
gaps,False,1683.5714285714287,1684.5714285714287,False,1683.5714285714287,2.0,1683.5714285714287
ignored,,,,,,,
gaps,False,280.0,286.0,False,46.666666666666664,223.0,6292.0
ignored,,,,,,,
gaps,False,37932.0,37935.0,True,14073.0,2665.0,91564.0
ignored,,,,,,,
gaps,False,21127.0,21129.0,False,10563.5,442.0,26943.0
ignored,,,,,,,
gaps,False,4133.0,4141.0,False,516.625,499.0,5675.0
ignored,,,,,,,
gaps,False,4348.0,4358.0,False,434.79999999999995,315.0,6422.0
ignored,,,,,,,
gaps,False,54.0,59.0,False,10.8,8.0,54.0
ignored,,,,,,,
gaps,False,3185.0,3193.0,False,398.125,187.0,3751.0
ignored,,,,,,,
gaps,False,185.0,197.0000000000001,False,15.416666666666668,98.0,676.0
ignored,,,,,,,
gaps,True,33.0,37.0,True,1.25,363.0,1747.0
ignored,,,,,,,
gaps,False,158.75,160.75,False,79.375,2.0,158.75
ignored,,,,,,,
gaps,False,71.0,79.0,False,8.875,92.0,483.0
ignored,,,,,,,
gaps,False,323.0,327.0,False,80.75,21.0,551.0
ignored,,,,,,,
gaps,False,348.0,350.0,False,174.0,10.0,948.0
ignored,,,,,,,
gaps,False,114.0,117.0,False,38.0,28.0,788.0
ignored,,,,,,,
gaps,False,588.0,591.0,False,196.0,35.0,1533.0
ignored,,,,,,,
gaps,True,17.0,19.0,True,7.0,2949.0,92005.0
ignored,,,,,,,
gaps,False,9491.0,9501.0,False,949.0999999999999,391.0,11474.0
ignored,,,,,,,
gaps,True,2146.0,2151.0,True,144.5,6457.0,102671.0
gaps,True,2931.0,2938.0,True,809.0,2783.0,631199.0
gaps,True,37.0,40.0,True,10.0,7888.0,646715.0
ignored,,,,,,,
gaps,False,1368.0,1376.0,False,171.0,11.0,1368.0
ignored,,,,,,,
gaps,False,345435.0,345438.0,False,115145.0,825.0,460277.0
ignored,,,,,,,
gaps,False,5353680.0,5353690.0,True,611743.1428571428,5693.0,6388603.0
ignored,,,,,,,
gaps,False,1639151.0,1639167.0,False,102446.9375,852.0,1693479.0
ignored,,,,,,,
gaps,False,16678.0,16682.0,False,4169.5,815.0,33296.0
ignored,,,,,,,
gaps,False,263569.0,263573.0,False,65892.25,869.0,280513.0
ignored,,,,,,,
gaps,False,63.0,77.0,False,4.5,47.0,145.0
ignored,,,,,,,
gaps,False,120.0,132.0,False,10.0,303.0,2673.0
ignored,,,,,,,
gaps,False,189.0,204.0,False,12.6,383.0,3793.0
ignored,,,,,,,
gaps,True,1247.0,1251.0,True,43.5,1352.0,42889.0
ignored,,,,,,,
gaps,False,10.0,12.0,False,5.0,3.0,10.0
ignored,,,,,,,
gaps,False,171.0,190.0,False,9.0,162.0,876.0
ignored,,,,,,,
gaps,False,5811.0,5832.000000000004,False,276.7142857142857,84.0,26024.0
ignored,,,,,,,
gaps,False,821.0,833.0,False,68.41666666666667,69.0,2279.0
ignored,,,,,,,
gaps,False,1215.0,1229.0,False,86.78571428571429,31.0,1601.0
ignored,,,,,,,
gaps,False,25967.749999999996,25986.75,False,1366.723684210526,58.0,26329.749999999996
ignored,,,,,,,
gaps,True,291.0,293.0,True,90.5,1627.0,72574.0
ignored,,,,,,,
gaps,False,116546.0,116554.0,False,14568.25,686.0,130652.0
ignored,,,,,,,
gaps,True,89665.0,89697.0,True,313.92,13496.0,350192.0
gaps,True,6882.0,6913.0,True,280.55555555555554,402.0,39528.0
gaps,True,48.0,50.0,True,12.0,11355.0,329023.0
ignored,,,,,,,
gaps,False,18128.0,18133.999999999985,False,3021.333333333333,20.0,93695.0
ignored,,,,,,,
gaps,False,1001725.0,1001737.0,False,83477.08333333333,2158.0,193951790.0
ignored,,,,,,,
gaps,False,5546387.0,5546409.0,True,993108.5,5772.0,14535543.0
ignored,,,,,,,
gaps,False,1113542.0,1113559.0,False,65502.470588235294,911.0,7743795.0
ignored,,,,,,,
gaps,False,74341.0,74365.99999999977,False,2973.64,1354.0,1066478.0
ignored,,,,,,,
gaps,False,819.0,827.0,False,102.375,892.0,27158.0
ignored,,,,,,,
gaps,False,97.0,104.00000000000091,False,13.857142857142856,49.0,5218.0
ignored,,,,,,,
gaps,False,444.0,462.0,False,24.666666666666664,285.0,2241.0
ignored,,,,,,,
gaps,False,9690.0,9706.0,False,605.625,618.0,15965.0
ignored,,,,,,,
gaps,True,263909.0,263925.0,True,19071.69230769231,2492.0,8191751.0
ignored,,,,,,,
gaps,False,95.0,100.0,False,19.0,20.0,145.0
ignored,,,,,,,
gaps,False,274.0,303.0,False,9.448275862068966,178.0,954.0
ignored,,,,,,,
gaps,False,62069.0,62083.0,False,4433.5,39.0,212195.0
ignored,,,,,,,
gaps,False,17335.2,17347.199999999997,False,1444.6000000000001,57.0,18524.2
ignored,,,,,,,
gaps,False,278.0,284.0,False,46.33333333333333,24.0,923.0
ignored,,,,,,,
gaps,False,236092.0,236116.99999999977,False,9443.68,152.0,1388342.0
ignored,,,,,,,
gaps,False,59.0,61.99999999999999,False,19.666666666666664,5.0,59.0
ignored,,,,,,,
gaps,True,453.0,465.0,True,22.083333333333332,1536.0,36578.0
ignored,,,,,,,
gaps,False,230651.0,230667.0,False,14415.6875,791.0,15746889.0
ignored,,,,,,,
gaps,True,282121.0,282141.0000000001,True,428.3,6749.0,886405.0
gaps,True,7661.0,7681.0,True,676.8,107.0,14191.0
no gaps,,,,,,6666.0,798676.0
ignored,,,,,,,
no gaps,,,,,,6.0,12.0
ignored,,,,,,,
gaps,False,34849.0,34869.99999999999,False,1659.4761904761904,132.0,40292.0
ignored,,,,,,,
gaps,False,62974.0,62981.0,True,6899.0,850.0,80263.0
ignored,,,,,,,
gaps,False,477967.5,477983.5,False,29872.96875,83.0,478897.5
ignored,,,,,,,
gaps,False,90.0,105.0,False,6.0,86.0,280.0
ignored,,,,,,,
gaps,False,160.0,174.0,False,11.428571428571427,70.0,519.0
ignored,,,,,,,
gaps,False,28.0,37.0,False,3.111111111111111,32.0,178.0
ignored,,,,,,,
gaps,False,177.0,193.0,False,11.0625,88.0,976.0
ignored,,,,,,,
gaps,True,51393.0,51413.00000000003,True,7106.166666666667,177.0,161489.0
ignored,,,,,,,
gaps,False,799.4666666666666,800.4666666666666,False,799.4666666666666,1.0,799.4666666666666
ignored,,,,,,,
gaps,False,140.0,148.0,False,17.5,26.0,211.0
ignored,,,,,,,
gaps,False,422.0,426.0,False,105.5,14.0,4365.0
ignored,,,,,,,
gaps,False,53.0,57.0,False,13.25,7.0,53.0
ignored,,,,,,,
gaps,False,93.0,95.0,False,46.5,3.0,93.0
ignored,,,,,,,
gaps,True,11941.0,11950.0,True,7602.0,482.0,59910.0
ignored,,,,,,,
gaps,False,497706.0,497721.0000000001,False,33180.4,72.0,498015.0
ignored,,,,,,,
gaps,True,19134.0,19147.0,True,224.7272727272727,15601.0,281811.0
gaps,True,5033.0,5046.0,True,2538.0,2195.0,247743.0
gaps,True,90.0,92.0,True,22.0,16356.0,682914.0
ignored,,,,,,,
gaps,False,3500.0,3512.0000000000036,False,291.6666666666667,54.0,20094.0
ignored,,,,,,,
gaps,False,647843.0,647848.9999999963,False,107973.83333333333,1866.0,20002853.0
ignored,,,,,,,
gaps,False,18043224.0,18043238.0,True,1634826.7000000002,10695.0,38570322.0
ignored,,,,,,,
gaps,False,4346623.0,4346637.0,False,310473.0714285714,1556.0,11807128.0
ignored,,,,,,,
gaps,False,35648.0,35661.999999999985,False,2546.285714285714,1422.0,87586.0
ignored,,,,,,,
gaps,False,13101.0,13107.0,False,2183.5,1382.0,27734.0
ignored,,,,,,,
gaps,False,90.0,107.0,False,5.294117647058823,44.0,133.0
ignored,,,,,,,
gaps,False,407.0,431.0,False,16.958333333333336,436.0,3100.0
ignored,,,,,,,
gaps,False,209.0,222.0,False,16.076923076923077,720.0,5301.0
ignored,,,,,,,
gaps,True,80611.0,80619.0,True,11598.666666666666,3238.0,2752063.0
ignored,,,,,,,
gaps,False,7.0,9.0,False,3.5,5.0,7.0
ignored,,,,,,,
gaps,False,799.4666666666666,804.4666666666666,False,159.89333333333332,8.0,799.4666666666666
ignored,,,,,,,
gaps,False,938.0,962.0,False,39.08333333333333,230.0,2269.0
ignored,,,,,,,
gaps,False,25023.0,25048.000000000087,False,1000.9200000000001,158.0,181060.0
ignored,,,,,,,
gaps,False,433.0,443.0,False,43.3,86.0,2101.0
ignored,,,,,,,
gaps,False,1099.6153846153845,1101.6153846153845,False,549.8076923076923,3.0,1099.6153846153845
ignored,,,,,,,
gaps,False,4898.0,4919.000000000004,False,233.23809523809524,144.0,17526.0
ignored,,,,,,,
gaps,False,15.0,18.0,False,5.0,11.0,27.0
ignored,,,,,,,
gaps,True,130.0,132.0,True,69.0,4133.0,145381.0
ignored,,,,,,,
gaps,False,307424.0,307435.0,False,27947.636363636364,1195.0,3091927.0
ignored,,,,,,,
gaps,True,687842.0,687864.0000000002,True,729.909090909091,39338.0,2014744.0
gaps,True,24531.0,24553.0,True,4829.5,298.0,40687.0
no gaps,,,,,,36851.0,2457363.0
ignored,,,,,,,
gaps,False,792.0,800.0,False,99.0,11.0,792.0
ignored,,,,,,,
gaps,False,1085643.0,1085657.0,False,77545.92857142857,1346.0,41322273.0
ignored,,,,,,,
gaps,False,588590.0,588592.0,True,429344.0,10258.0,3407879.0
ignored,,,,,,,
gaps,False,102826.0,102833.0,False,14689.428571428572,1746.0,1503185.0
ignored,,,,,,,
gaps,False,3520.0,3525.999999999971,False,586.6666666666666,2123.0,254685.0
ignored,,,,,,,
gaps,False,42.0,48.0,False,7.0,1289.0,30237.0
ignored,,,,,,,
gaps,False,19.0,25.0,False,3.1666666666666665,47.0,187.0
ignored,,,,,,,
gaps,False,235.0,251.0,False,14.6875,382.0,2376.0
ignored,,,,,,,
gaps,False,145.0,153.0,False,18.125,1074.0,18233.0
ignored,,,,,,,
gaps,True,1532714.0,1532722.0,True,253444.0,2219.0,2157879.0
ignored,,,,,,,
gaps,False,15.0,17.0,False,7.5,13.0,42.0
ignored,,,,,,,
gaps,False,314.0,336.0,False,14.272727272727273,265.0,1847.0
ignored,,,,,,,
gaps,False,2743.0,2758.0,False,182.86666666666665,27.0,2798.0
ignored,,,,,,,
gaps,False,3923.0,3937.0,False,280.2142857142857,66.0,9096.0
ignored,,,,,,,
gaps,False,2122.0,2126.0,False,530.5,14.0,4132.0
ignored,,,,,,,
gaps,False,10243.0,10261.999999999985,False,539.1052631578947,224.0,81624.0
ignored,,,,,,,
gaps,False,4.0,6.0,False,2.0,3.0,4.0
ignored,,,,,,,
gaps,True,1203.0,1206.0,True,41.333333333333336,1976.0,76524.0
ignored,,,,,,,
gaps,False,327431.0,327444.0,False,25187.0,770.0,332634.0
ignored,,,,,,,
gaps,True,64708.0,64716.0,True,410.4285714285714,9811.0,493160.0
gaps,True,6286.0,6294.0,True,915.25,516.0,117533.0
no gaps,,,,,,8347.0,589603.0
ignored,,,,,,,
gaps,False,5570.0,5577.0,False,795.7142857142858,24.0,5600.0
ignored,,,,,,,
gaps,False,756483.0,756493.0,False,75648.29999999999,684.0,3526079.0
ignored,,,,,,,
gaps,False,3078488.0,3078491.0,True,1372599.0,7449.0,3225396.0
ignored,,,,,,,
gaps,False,1091416.0,1091423.0,False,155916.57142857145,1026.0,1106526.0
ignored,,,,,,,
gaps,False,258.0,261.0,False,86.0,1152.0,4847.0
ignored,,,,,,,
gaps,False,435.0,438.0,False,145.0,1102.0,16030.0
ignored,,,,,,,
gaps,False,51.0,58.0,False,7.285714285714286,34.0,255.0
ignored,,,,,,,
gaps,False,34.0,39.0,False,6.8,299.0,1816.0
ignored,,,,,,,
gaps,False,134.0,141.0,False,19.142857142857142,158.0,1241.0
ignored,,,,,,,
gaps,True,236.0,239.0,True,9.666666666666668,1065.0,9813.0
ignored,,,,,,,
gaps,False,201.0,211.0,False,20.1,112.0,1132.0
ignored,,,,,,,
gaps,False,22752.0,22761.0,False,2528.0,40.0,23048.0
ignored,,,,,,,
gaps,False,469.0,477.0,False,58.625,48.0,1716.0
ignored,,,,,,,
gaps,False,1099.6153846153845,1101.6153846153845,False,549.8076923076923,3.0,1099.6153846153845
ignored,,,,,,,
gaps,False,1955.0,1965.0,False,195.5,85.0,3340.0
ignored,,,,,,,
gaps,False,78.0,80.0,False,39.0,4.0,78.0
ignored,,,,,,,
gaps,True,5843.0,5847.0,True,1697.0,2709.0,152512.0
ignored,,,,,,,
gaps,False,123.0,132.0,False,13.666666666666666,585.0,5979.0
ignored,,,,,,,
gaps,True,2815.0,2821.0,True,76.83333333333333,11906.0,197054.0
gaps,True,627.0,633.0,True,32.66666666666667,4027.0,455651.0
no gaps,,,,,,14801.0,682746.0
ignored,,,,,,,
gaps,False,138317.0,138327.0,False,13831.7,83.0,497307.0
ignored,,,,,,,
gaps,False,264136.0,264140.0,False,66034.0,1595.0,39986947.0
ignored,,,,,,,
gaps,False,1063008.0,1063012.0,True,698961.0,8810.0,26859709.0
ignored,,,,,,,
gaps,False,240064.0,240069.0,False,48012.8,1163.0,13800765.0
ignored,,,,,,,
gaps,False,23224.0,23234.0,False,2322.3999999999996,1136.0,324338.0
ignored,,,,,,,
gaps,False,337451.0,337463.0,False,28120.916666666664,1131.0,1195142.0
ignored,,,,,,,
gaps,False,85.0,94.0,False,9.444444444444445,61.0,231.0
ignored,,,,,,,
gaps,False,132.0,144.0,False,11.0,405.0,13928.0
ignored,,,,,,,
gaps,False,56.0,60.0,False,14.0,722.0,146723.0
ignored,,,,,,,
gaps,True,19910.0,19914.0,True,8650.5,2525.0,1342066.0
ignored,,,,,,,
gaps,False,30.0,33.0,False,10.0,7.0,53.0
ignored,,,,,,,
gaps,False,39512.0,39517.0,False,7902.4,10.0,43512.0
ignored,,,,,,,
gaps,False,194.0,211.0,False,11.411764705882353,218.0,1473.0
ignored,,,,,,,
gaps,False,285501.0,285523.0,False,12977.318181818182,136.0,407626.0
ignored,,,,,,,
gaps,False,1459.0,1477.9999999999964,False,76.78947368421053,113.0,11298.0
ignored,,,,,,,
gaps,False,4945.0,4957.0,False,412.08333333333337,53.0,6213.0
ignored,,,,,,,
gaps,False,75501.0,75516.00000000003,False,5033.400000000001,131.0,127280.0
ignored,,,,,,,
gaps,False,117.0,120.0,False,39.0,12.0,131.0
ignored,,,,,,,
gaps,True,1451.0,1455.0,True,111.5,3067.0,102055.0
ignored,,,,,,,
gaps,False,373534.0,373552.0,False,20751.88888888889,942.0,2721982.0
ignored,,,,,,,
gaps,True,878.0,881.0,True,60.0,134.0,1375.0
gaps,True,579.0,582.0,True,183.0,13.0,750.0
no gaps,,,,,,126.0,1746.0
ignored,,,,,,,
no gaps,,,,,,3.0,6.0
ignored,,,,,,,
gaps,False,13446.0,13448.0,False,6723.0,39.0,21881.0
ignored,,,,,,,
no gaps,,,,,,257.0,44574.0
ignored,,,,,,,
gaps,False,146.0,148.0,False,73.0,36.0,647.0
ignored,,,,,,,
no gaps,,,,,,47.0,134.0
ignored,,,,,,,
no gaps,,,,,,42.0,622.0
ignored,,,,,,,
no gaps,,,,,,9.0,18.0
ignored,,,,,,,
gaps,False,52.0,54.0,False,26.0,5.0,52.0
ignored,,,,,,,
gaps,False,82.0,84.0,False,41.0,13.0,134.0
ignored,,,,,,,
gaps,True,383.0,385.0,True,42.0,55.0,1213.0
ignored,,,,,,,
no gaps,,,,,,12.0,120.0
ignored,,,,,,,
gaps,False,13040.142857142857,13043.142857142859,False,4346.714285714286,12.0,13193.142857142857
ignored,,,,,,,
gaps,False,17335.2,17336.2,False,17335.2,1.0,17335.2
ignored,,,,,,,
gaps,False,25967.75,25969.75,False,12983.875,3.0,25967.75
ignored,,,,,,,
no gaps,,,,,,99.0,1196.0
ignored,,,,,,,
gaps,False,8692.0,8695.0,False,2897.333333333333,22.0,11742.0
ignored,,,,,,,
gaps,True,62002.0,62018.99999999997,True,395.35714285714283,5793.0,163224.0
gaps,True,4549.0,4566.0,True,315.5,153.0,9328.0
gaps,True,209.0,211.0,True,15.0,4890.0,132862.0
ignored,,,,,,,
gaps,False,164.0,167.0,False,54.66666666666667,9.0,212.0
ignored,,,,,,,
gaps,False,1153326.0,1153334.0,False,144165.75,855.0,54050467.0
ignored,,,,,,,
gaps,False,2457586.0,2457595.0,True,409082.25,3584.0,6376328.0
ignored,,,,,,,
gaps,False,1144418.0,1144429.0,False,104038.0,606.0,2863471.0
ignored,,,,,,,
gaps,False,27617.0,27624.0,False,3945.285714285714,836.0,184489.0
ignored,,,,,,,
gaps,False,3711.0,3716.0,False,742.2,584.0,18399.0
ignored,,,,,,,
gaps,False,52.0,62.000000000000014,False,5.199999999999999,36.0,123.0
ignored,,,,,,,
gaps,False,112.0,122.0,False,11.2,170.0,1261.0
ignored,,,,,,,
gaps,False,177.0,181.0,False,44.25,422.0,4440.0
ignored,,,,,,,
gaps,True,32715.0,32724.0,True,6613.5,923.0,153888.0
ignored,,,,,,,
gaps,False,224.0,240.9999999999999,False,13.176470588235293,143.0,988.0
ignored,,,,,,,
gaps,False,100.0,110.0,False,10.0,52.0,512.0
ignored,,,,,,,
gaps,False,17335.2,17347.2,False,1444.6000000000001,81.0,20075.2
ignored,,,,,,,
gaps,False,91.0,94.0,False,30.333333333333336,3.0,91.0
ignored,,,,,,,
gaps,False,580922.0,580930.0,False,72615.25,192.0,977940.0
ignored,,,,,,,
gaps,True,152.0,159.0,True,9.571428571428571,694.0,12559.0
ignored,,,,,,,
gaps,False,414902.0,414908.0,False,69150.33333333333,470.0,6570883.0
ignored,,,,,,,
gaps,True,497944.0,497970.0,True,451.53846153846155,10249.0,1538320.0
gaps,True,60654.0,60680.0,True,4622.818181818182,255.0,188382.0
no gaps,,,,,,10422.0,1752206.0
ignored,,,,,,,
gaps,False,295.0,297.0,False,147.5,3.0,295.0
ignored,,,,,,,
gaps,False,26409.0,26432.0,False,1148.2173913043478,220.0,40795.0
ignored,,,,,,,
gaps,False,978358.0,978367.0,True,321781.0,1694.0,1026877.0
ignored,,,,,,,
gaps,False,477967.5,477990.49999999994,False,20781.195652173916,177.0,482192.5
ignored,,,,,,,
gaps,False,30239.5,30255.5,False,1889.96875,177.0,30705.5
ignored,,,,,,,
gaps,False,981.0,996.0000000000005,False,65.4,208.0,2479.0
ignored,,,,,,,
gaps,False,11.0,14.0,False,3.666666666666667,11.0,23.0
ignored,,,,,,,
gaps,False,325.0,342.0000000000001,False,19.11764705882353,87.0,721.0
ignored,,,,,,,
gaps,False,412.0,431.0,False,21.68421052631579,181.0,2000.0
ignored,,,,,,,
gaps,True,324650.0,324675.00000000023,True,17330.70588235294,548.0,2039066.0
ignored,,,,,,,
gaps,False,158.75,159.75,False,158.75,1.0,158.75
ignored,,,,,,,
gaps,False,200.0,210.0,False,20.0,47.0,477.0
ignored,,,,,,,
gaps,False,106357.0,106367.0,False,10635.7,32.0,113944.0
ignored,,,,,,,
gaps,False,341.0,346.0,False,68.2,8.0,341.0
ignored,,,,,,,
gaps,False,1099.6153846153845,1100.6153846153845,False,1099.6153846153845,2.0,1099.6153846153845
ignored,,,,,,,
gaps,False,1161.0,1165.0,False,290.25,6.0,1161.0
ignored,,,,,,,
gaps,True,9176.0,9181.0,True,6702.0,1233.0,231246.0
ignored,,,,,,,
gaps,False,652811.0,652834.9999999998,False,27200.458333333332,115.0,1380618.0
ignored,,,,,,,
gaps,True,252179.0,252212.0,True,406.5161290322582,27341.0,857327.0
gaps,True,6903.0,6934.000000000004,True,250.1428571428572,680.0,24525.0
gaps,True,2978.0,2981.0,True,428.6666666666667,23743.0,754195.0
ignored,,,,,,,
gaps,False,775.0,784.0,False,86.11111111111111,15.0,797.0
ignored,,,,,,,
gaps,False,1673424.0,1673436.0,False,139452.0,1150.0,35712972.0
ignored,,,,,,,
gaps,False,312111.0,312120.0,True,10418.111111111111,8886.0,2520707.0
ignored,,,,,,,
gaps,False,445044.0,445057.0,False,34234.153846153844,1405.0,1724806.0
ignored,,,,,,,
gaps,False,46051.0,46065.0,False,3289.3571428571427,1760.0,284777.0
ignored,,,,,,,
gaps,False,1779.0,1787.0,False,222.375,1212.0,16913.0
ignored,,,,,,,
gaps,False,93.0,108.0,False,6.2,49.0,178.0
ignored,,,,,,,
gaps,False,138.0,154.0,False,8.625,436.0,2672.0
ignored,,,,,,,
gaps,False,132.0,144.0,False,11.0,790.0,7763.0
ignored,,,,,,,
gaps,True,22332.0,22341.0,True,4396.0,1643.0,281105.0
ignored,,,,,,,
gaps,False,39.0,42.0,False,13.0,3.0,39.0
ignored,,,,,,,
gaps,False,322.0,353.0,False,10.387096774193548,237.0,1568.0
ignored,,,,,,,
gaps,False,6451.0,6473.000000000001,False,293.2272727272727,60.0,7427.0
ignored,,,,,,,
gaps,False,1460.0,1475.0000000000005,False,97.33333333333334,48.0,3022.0
ignored,,,,,,,
gaps,False,4094.0,4111.0,False,240.8235294117647,64.0,5166.0
ignored,,,,,,,
gaps,False,38669.0,38698.0,False,1333.4137931034481,156.0,47805.0
ignored,,,,,,,
gaps,False,26.0,30.0,False,6.5,8.0,41.0
ignored,,,,,,,
gaps,True,148.0,151.0,True,31.0,2083.0,54827.0
ignored,,,,,,,
gaps,False,203.0,214.0,False,18.454545454545457,683.0,5103.0
ignored,,,,,,,
gaps,True,1866817.0,1866908.0,True,1277.6179775280898,117838.0,4360026.0
gaps,True,49842.0,49931.00000000012,True,1731.8947368421052,479.0,639506.0
gaps,True,5805.0,5807.0,True,2145.0,102045.0,7543768.0
ignored,,,,,,,
gaps,False,11891.0,11912.0,False,566.2380952380952,81.0,19387.0
ignored,,,,,,,
gaps,False,2860422.0,2860446.0,False,119184.25,4768.0,146162793.0
ignored,,,,,,,
gaps,False,10568412.0,10568433.0,True,1011515.3333333334,30288.0,24478507.0
ignored,,,,,,,
gaps,False,2861721.0,2861760.000000001,False,73377.46153846155,4476.0,7659290.0
ignored,,,,,,,
gaps,False,50510.0,50548.0,False,1329.2105263157896,6630.0,499687.0
ignored,,,,,,,
gaps,False,335.0,359.0,False,13.958333333333334,4246.0,53576.0
ignored,,,,,,,
gaps,False,229.0,264.0000000000002,False,6.542857142857143,273.0,1228.0
ignored,,,,,,,
gaps,False,1132.0,1173.0000000000018,False,27.60975609756098,1446.0,10415.0
ignored,,,,,,,
gaps,False,362.0,404.0,False,8.61904761904762,3088.0,32693.0
ignored,,,,,,,
gaps,True,1043461.0,1043491.0,True,147443.7142857143,5837.0,1188820.0
ignored,,,,,,,
gaps,False,113.0,134.0,False,5.380952380952381,53.0,277.0
ignored,,,,,,,
gaps,False,34.0,36.0,False,17.0,9.0,134.0
ignored,,,,,,,
gaps,False,636.0,676.0,False,15.9,1131.0,7455.0
ignored,,,,,,,
gaps,False,22265.0,22297.0,False,695.78125,178.0,37298.0
ignored,,,,,,,
gaps,False,1703.0,1731.9999999999982,False,58.724137931034484,281.0,13762.0
ignored,,,,,,,
gaps,False,8535.0,8574.0,False,218.84615384615384,230.0,19998.0
ignored,,,,,,,
gaps,False,91805.0,91840.0,False,2623.0,780.0,587202.0
ignored,,,,,,,
gaps,False,140.0,148.0,False,17.5,42.0,415.0
ignored,,,,,,,
gaps,True,5474.0,5493.0,True,414.5,12344.0,612917.0
ignored,,,,,,,
gaps,False,390458.0,390492.00000000006,False,11484.058823529413,2427.0,413895.0
ignored,,,,,,,
gaps,True,85115.0,85124.0,True,362.44444444444434,5774.0,323452.0
gaps,True,9079.0,9088.0,True,1287.5,334.0,91505.0
no gaps,,,,,,5333.0,311043.0
ignored,,,,,,,
gaps,False,7570.0,7578.999999999996,False,841.1111111111111,15.0,22570.0
ignored,,,,,,,
gaps,False,155.0,157.0,False,77.5,286.0,8018.0
ignored,,,,,,,
gaps,False,6040347.0,6040351.0,True,1384029.0,2943.0,6077427.0
ignored,,,,,,,
gaps,False,1651568.0,1651575.0,False,235938.2857142857,368.0,1654780.0
ignored,,,,,,,
gaps,False,8.0,11.0,False,2.666666666666667,391.0,1524.0
ignored,,,,,,,
gaps,False,38.0,40.999999999999545,False,12.666666666666668,337.0,3411.0
ignored,,,,,,,
gaps,False,18.0,21.0,False,6.0,9.0,43.0
ignored,,,,,,,
gaps,False,176.0,180.0,False,44.0,101.0,648.0
ignored,,,,,,,
gaps,False,70.0,75.0,False,14.0,76.0,554.0
ignored,,,,,,,
gaps,True,90983.0,90988.0,True,28550.666666666664,626.0,499804.0
ignored,,,,,,,
gaps,False,90.0,96.0,False,15.0,67.0,385.0
ignored,,,,,,,
gaps,False,8604.0,8613.0,False,956.0,49.0,52797.0
ignored,,,,,,,
gaps,False,848.0,858.0,False,84.80000000000001,37.0,1277.0
ignored,,,,,,,
gaps,False,62.0,65.0,False,20.666666666666664,11.0,155.0
ignored,,,,,,,
gaps,False,410.0,418.0,False,51.25,29.0,804.0
ignored,,,,,,,
gaps,True,12433.0,12437.0,True,3862.5,1717.0,286437.0
ignored,,,,,,,
gaps,False,257721.0,257730.0,False,28635.666666666668,275.0,3631677.0
ignored,,,,,,,
no gaps,,,,,,1156.0,14378.0
no gaps,,,,,,528.0,105514.0
no gaps,,,,,,1236.0,94675.0
ignored,,,,,,,
gaps,False,45063.0,45067.0,False,11265.75,227.0,102822.0
ignored,,,,,,,
gaps,False,2982.0,2984.0,True,1439.0,1345.0,163054.0
ignored,,,,,,,
gaps,False,3266.0,3268.0,False,1633.0,156.0,8782.0
ignored,,,,,,,
gaps,False,2511.0,2514.0,False,837.0,216.0,3371.0
ignored,,,,,,,
no gaps,,,,,,235.0,2249.0
ignored,,,,,,,
gaps,False,45.0,47.0,False,22.5,93.0,445.0
ignored,,,,,,,
gaps,False,54.0,57.0,False,18.0,88.0,773.0
ignored,,,,,,,
gaps,True,1026.0,1029.0,True,263.0,272.0,5602.0
ignored,,,,,,,
gaps,False,35.0,37.0,False,17.5,18.0,101.0
ignored,,,,,,,
gaps,False,13040.142857142857,13042.142857142857,False,6520.071428571428,2.0,13040.142857142857
ignored,,,,,,,
gaps,False,48.0,51.0,False,16.0,3.0,48.0
ignored,,,,,,,
gaps,False,25967.75,25969.75,False,12983.875,3.0,25967.75
ignored,,,,,,,
gaps,True,289.0,291.0,True,52.0,676.0,17888.0
ignored,,,,,,,
gaps,False,3186.0,3190.0,False,796.5,123.0,4940.0
ignored,,,,,,,
gaps,True,81465.0,81498.0,True,212.65384615384616,15340.0,571175.0
gaps,True,3790.0,3820.0,True,65.5,703.0,63692.0
gaps,True,173.0,176.0,True,16.5,14224.0,638798.0
ignored,,,,,,,
gaps,False,26413.0,26418.0,False,5282.6,21.0,26789.0
ignored,,,,,,,
gaps,False,1459112.0,1459140.9999999925,False,50314.206896551725,1168.0,55500718.0
ignored,,,,,,,
gaps,False,1114271.0,1114277.0,True,680535.0,5938.0,2374640.0
ignored,,,,,,,
gaps,False,408191.0,408206.00000000023,False,27212.733333333334,861.0,1191467.0
ignored,,,,,,,
gaps,False,35373.0,35388.0,False,2358.2000000000003,1122.0,149771.0
ignored,,,,,,,
gaps,False,269.0,279.0,False,26.9,911.0,10302.0
ignored,,,,,,,
gaps,False,46.0,55.0,False,5.111111111111111,45.0,304.0
ignored,,,,,,,
gaps,False,347.0,364.0,False,20.41176470588235,363.0,3398.0
ignored,,,,,,,
gaps,False,343.0,365.0,False,15.590909090909092,575.0,5351.0
ignored,,,,,,,
gaps,True,170977.0,170995.0,True,26656.333333333332,1246.0,282797.0
ignored,,,,,,,
gaps,False,52.0,55.00000000000001,False,17.333333333333336,7.0,52.0
ignored,,,,,,,
gaps,False,799.4666666666666,800.4666666666666,False,799.4666666666666,1.0,799.4666666666666
ignored,,,,,,,
gaps,False,386.0,417.0,False,12.451612903225806,213.0,1252.0
ignored,,,,,,,
gaps,False,20684.0,20700.0,False,1292.75,68.0,21334.0
ignored,,,,,,,
gaps,False,696.0,713.0,False,40.94117647058823,62.0,1894.0
ignored,,,,,,,
gaps,False,596.0,602.0000000000018,False,99.33333333333333,27.0,13010.0
ignored,,,,,,,
gaps,False,2758.0,2782.9999999999964,False,110.32,116.0,28273.0
ignored,,,,,,,
gaps,False,25.0,27.0,False,12.5,5.0,25.0
ignored,,,,,,,
gaps,True,2465.0,2473.0,True,255.66666666666666,2311.0,82208.0
ignored,,,,,,,
gaps,False,147899.0,147922.99999999907,False,6162.458333333333,723.0,5573523.0
ignored,,,,,,,
gaps,True,57592.0,57603.0,True,419.6363636363636,7599.0,216119.0
gaps,True,2038.0,2048.0,True,66.2,419.0,255872.0
gaps,True,67569.0,67572.0,True,62104.0,6330.0,651270.0
ignored,,,,,,,
gaps,False,5074.0,5082.0,False,634.25,38.0,5865.0
ignored,,,,,,,
gaps,False,770993.0,771002.0000000009,False,85665.88888888889,627.0,5226564.0
ignored,,,,,,,
gaps,False,3692258.0,3692263.0,True,627295.8,5721.0,6024276.0
ignored,,,,,,,
gaps,False,1228370.0,1228378.0,False,153546.25,812.0,1243674.0
ignored,,,,,,,
gaps,False,26.0,33.0,False,3.714285714285714,908.0,4879.0
ignored,,,,,,,
gaps,False,171.0,174.0,False,57.0,959.0,14270.0
ignored,,,,,,,
gaps,False,54.0,57.0,False,18.0,47.0,305.0
ignored,,,,,,,
gaps,False,142.0,148.0,False,23.666666666666664,396.0,2464.0
ignored,,,,,,,
gaps,False,133.0,141.0,False,16.625,148.0,961.0
ignored,,,,,,,
gaps,True,10164.0,10166.0,True,5939.0,949.0,17707.0
ignored,,,,,,,
gaps,False,799.4666666666666,801.4666666666666,False,399.7333333333333,3.0,799.4666666666666
ignored,,,,,,,
gaps,False,189.0,198.0,False,21.0,133.0,981.0
ignored,,,,,,,
gaps,False,13040.142857142857,13052.142857142862,False,1086.6785714285716,61.0,14234.142857142857
ignored,,,,,,,
gaps,False,332.0,340.0,False,41.5,72.0,23402.0
ignored,,,,,,,
gaps,False,131.0,136.99999999999994,False,21.833333333333332,22.0,479.0
ignored,,,,,,,
gaps,False,25967.75,25974.75,False,3709.678571428571,97.0,27711.75
ignored,,,,,,,
gaps,True,272.0,274.0,True,82.5,1722.0,44421.0
ignored,,,,,,,
gaps,False,135.0,142.0,False,19.28571428571429,535.0,5805.0
ignored,,,,,,,
gaps,True,21473.0,21481.0,True,318.5,8919.0,194125.0
gaps,True,273.0,281.0,True,12.142857142857144,335.0,4210.0
no gaps,,,,,,7544.0,169299.0
ignored,,,,,,,
gaps,False,52.0,54.0,False,26.0,9.0,106.0
ignored,,,,,,,
gaps,False,559.0,568.0000000037253,False,62.111111111111114,565.0,10796272.0
ignored,,,,,,,
no gaps,,,,,,4580.0,1394182.0
ignored,,,,,,,
gaps,False,227253.0,227260.0,False,32464.714285714286,654.0,776077.0
ignored,,,,,,,
gaps,False,15.0,19.0,False,3.75,801.0,165183.0
ignored,,,,,,,
gaps,False,142.0,147.0,False,28.4,597.0,5522.0
ignored,,,,,,,
gaps,False,62.0,76.00000000000001,False,4.428571428571429,28.0,76.0
ignored,,,,,,,
gaps,False,224.0,241.0,False,13.176470588235293,174.0,986.0
ignored,,,,,,,
gaps,False,32.0,38.0,False,5.333333333333333,525.0,4540.0
ignored,,,,,,,
gaps,True,162.0,168.0,True,16.833333333333332,882.0,5204.0
ignored,,,,,,,
gaps,False,206.0,219.0,False,15.846153846153847,116.0,722.0
ignored,,,,,,,
gaps,False,470.0,474.0,False,117.5,15.0,1701.0
ignored,,,,,,,
gaps,False,192.0,196.0,False,48.0,26.0,715.0
ignored,,,,,,,
gaps,False,296.0,304.0,False,37.0,13.0,296.0
ignored,,,,,,,
gaps,False,98.0,104.0,False,16.333333333333332,25.0,704.0
ignored,,,,,,,
gaps,True,86.0,89.0,True,19.333333333333336,1041.0,32754.0
ignored,,,,,,,
gaps,False,293760.0,293772.0,False,24480.0,429.0,1243827.0
ignored,,,,,,,
gaps,True,2443.0,2447.0,True,217.0,12971.0,284400.0
gaps,True,10711.0,10713.0,True,4690.0,6216.0,1264272.0
gaps,True,445.0,448.0,True,100.0,19834.0,1782248.0
ignored,,,,,,,
gaps,False,22838.0,22853.0,False,1522.5333333333333,25.0,23209.0
ignored,,,,,,,
gaps,False,603.0,607.0,False,150.75,1695.0,8493377.0
ignored,,,,,,,
gaps,False,779718.0,779723.0,True,167167.5,8696.0,6490101.0
ignored,,,,,,,
gaps,False,277243.0,277253.0,False,27724.300000000003,1037.0,1455857.0
ignored,,,,,,,
gaps,False,66.0,70.0,False,16.5,1106.0,27426.0
ignored,,,,,,,
gaps,False,8412.0,8417.0,False,1682.4,1211.0,26007.0
ignored,,,,,,,
gaps,False,63.0,77.99999999999994,False,4.2,56.0,163.0
ignored,,,,,,,
gaps,False,111.0,121.0,False,11.100000000000001,454.0,3945.0
ignored,,,,,,,
gaps,False,50.0,56.0,False,8.333333333333332,551.0,8563.0
ignored,,,,,,,
gaps,True,36624.0,36628.0,True,10394.666666666668,2025.0,335975.0
ignored,,,,,,,
gaps,False,18.0,21.0,False,6.0,6.0,24.0
ignored,,,,,,,
gaps,False,799.4666666666666,804.4666666666666,False,159.89333333333332,8.0,799.4666666666666
ignored,,,,,,,
gaps,False,166.0,186.0,False,8.299999999999999,219.0,1322.0
ignored,,,,,,,
gaps,False,235367.0,235392.99999999994,False,9052.576923076922,132.0,292199.0
ignored,,,,,,,
gaps,False,7005.0,7021.0,False,437.8125,89.0,9626.0
ignored,,,,,,,
gaps,False,184.0,195.0,False,16.727272727272727,40.0,305.0
ignored,,,,,,,
gaps,False,4216.0,4242.000000000001,False,162.15384615384616,121.0,8043.0
ignored,,,,,,,
gaps,False,16.0,18.0,False,8.0,7.0,16.0
ignored,,,,,,,
gaps,True,171.0,174.0,True,21.666666666666664,2506.0,71801.0
ignored,,,,,,,
gaps,False,426086.0,426097.0,False,38735.090909090904,650.0,2356316.0
ignored,,,,,,,
gaps,True,169811.0,169817.99999999988,True,458.1428571428575,4436.0,681534.0
gaps,True,7308.0,7315.0,True,2939.0,157.0,7986.0
no gaps,,,,,,4355.0,558451.0
ignored,,,,,,,
gaps,False,1683.5714285714287,1685.5714285714287,False,841.7857142857143,2.0,1683.5714285714287
ignored,,,,,,,
gaps,False,1001.0,1006.0,False,200.2,131.0,3813.0
ignored,,,,,,,
no gaps,,,,,,1338.0,28750.0
ignored,,,,,,,
gaps,False,176.0,180.0,False,44.0,176.0,2392.0
ignored,,,,,,,
gaps,False,9.0,12.0,False,3.0,159.0,470.0
ignored,,,,,,,
gaps,False,50634.5,50639.5,False,10126.9,151.0,51662.5
ignored,,,,,,,
gaps,False,20.0,22.0,False,10.0,2.0,20.0
ignored,,,,,,,
gaps,False,22.0,25.0,False,7.333333333333334,67.0,318.0
ignored,,,,,,,
gaps,False,26.0,30.999999999999943,False,5.2,65.0,508.0
ignored,,,,,,,
gaps,True,105221.0,105227.0,True,50699.5,232.0,106630.0
ignored,,,,,,,
gaps,False,799.4666666666666,801.4666666666666,False,399.7333333333333,2.0,799.4666666666666
ignored,,,,,,,
gaps,False,254.0,262.0,False,31.75,28.0,441.0
ignored,,,,,,,
gaps,False,3000.0,3004.0,False,750.0,4.0,3000.0
ignored,,,,,,,
gaps,False,2035.0,2037.0,False,1017.5,5.0,2035.0
ignored,,,,,,,
gaps,False,18.0,21.0,False,6.0,7.0,18.0
ignored,,,,,,,
gaps,False,110.0,112.0,False,55.0,4.0,110.0
ignored,,,,,,,
gaps,True,4337.0,4339.0,True,2038.0,637.0,306174.0
ignored,,,,,,,
gaps,False,123.0,127.0,False,30.75,129.0,928.0
